15.657,0,27,-0.67656,0.92239,-0.24583
335.45,0,27.02,-9.315,5.5965,3.7185
427.93,0,27.04,8.7055,-7.1446,-1.5609
400.67,0,27.06,-7.5134,11.069,-3.5561
346,0,27.08,-7.3798,-2.597,9.9768
342.2,0,27.1,2.6675,0.42596,-3.0934
289.74,0,27.12,-5.7986,0.34181,5.4568
256.79,0,27.14,11.766,-6.7913,-4.9751
250.25,0,27.16,-4.5912,12.599,-8.0078
249.82,0,27.18,-6.2139,-2.5469,8.7608
256.18,0,27.2,5.7148,-5.1909,-0.52389
254.47,0,27.22,1.6549,3.1386,-4.7935
254.67,0,27.24,-4.7216,2.4015,2.3201
263.86,0,27.26,0.74358,-3.4882,2.7446
276.57,0,27.28,3.9208,-0.59059,-3.3302
291.87,0,27.3,-3.3894,5.3027,-1.9133
299.92,0,27.32,-2.7312,-3.1447,5.8759
302.89,0,27.34,5.7635,-2.7957,-2.9678
303.07,0,27.36,-2.4183,5.6567,-3.2385
302.72,0,27.38,-1.8406,-1.6923,3.5329
303.83,0,27.4,1.8787,-1.162,-0.7167
306.46,0,27.42,-0.15816,0.73958,-0.58141
309.33,0,27.44,0.023529,-0.24021,0.21668
311.99,0,27.46,-0.11085,0.09708,0.013773
314.31,0,27.48,0.23036,-0.73692,0.50656
317.24,0,27.5,-0.48574,1.8207,-1.335
319.7,0,27.52,-1.7448,-1.1907,2.9356
321.6,0,27.54,3.0569,-1.2896,-1.7673
321.87,0,27.56,-1.5693,3.1316,-1.5623
321.35,0,27.58,-0.1489,-1.268,1.4169
321.13,0,27.6,0.41119,0.1619,-0.57309
320.76,0,27.62,-0.23633,-0.16764,0.40397
321.09,0,27.64,0.82099,-0.68683,-0.13416
322.16,0,27.66,-0.16062,0.5395,-0.37888
322.69,0,27.68,-0.57076,-0.53866,1.1094
324.85,0,27.7,0.16372,0.83462,-0.99834
326.49,0,27.72,-1.3108,-0.54566,1.8564
327.21,0,27.74,1.9683,-0.76711,-1.2012
326.54,0,27.76,-1.1904,2.1779,-0.98751
325.82,0,27.78,0.31127,-1.0262,0.71492
325.16,0,27.8,-0.036173,0.42843,-0.39225
325.1,0,27.82,-0.20003,-0.30091,0.50093
325.5,0,27.84,0.82276,-0.68776,-0.13499
325.69,0,27.86,-0.075232,0.60439,-0.52916
326.23,0,27.88,-0.82497,-0.37044,1.1954
327.69,0,27.9,0.45214,0.34793,-0.80007
329.06,0,27.92,-1.0331,-0.23638,1.2695
329.43,0,27.94,1.4206,-0.50105,-0.9195
328.32,0,27.96,-1.0173,1.7579,-0.7407
327.24,0,27.98,0.48851,-0.87012,0.38161
326.63,0,28,-0.15548,0.48825,-0.33277
326.4,0,28.02,-0.12932,-0.33934,0.46865
326.42,0,28.04,0.688,-0.5985,-0.089499
326.41,0,28.06,-0.023611,0.38145,-0.35784
326.63,0,28.08,-0.82917,-0.25061,1.0798
327.76,0,28.1,0.42256,0.29508,-0.71764
328.71,0,28.12,-0.88092,-0.21743,1.0983
329.37,0,28.14,1.1927,-0.36017,-0.8325
328.93,0,28.16,-0.91775,1.4752,-0.55743
328.1,0,28.18,0.56701,-0.73354,0.16653
327.38,0,28.2,-0.26254,0.46591,-0.20337
327.3,0,28.22,-0.037898,-0.31748,0.35538
327.51,0,28.24,0.58057,-0.57434,-0.006231
327.59,0,28.26,0.077959,0.19544,-0.2734
327.42,0,28.28,-0.91144,-0.13284,1.0443
328.21,0,28.3,0.49135,0.060683,-0.55203
329.38,0,28.32,-0.75284,-0.083573,0.83641
329.6,0,28.34,0.8746,-0.19708,-0.67752
329.3,0,28.36,-0.78505,1.2504,-0.46536
328.37,0,28.38,0.56741,-0.6052,0.037789
327.63,0,28.4,-0.29278,0.38324,-0.090458
327.63,0,28.42,0.06858,-0.24375,0.17517
327.68,0,28.44,0.36345,-0.43528,0.071822
327.15,0,28.46,0.18671,0.018074,-0.20479
327.21,0,28.48,-0.83597,-0.020944,0.85691
328.19,0,28.5,0.46701,0.028406,-0.49541
329.05,0,28.52,-0.71602,-0.039866,0.75589
329.07,0,28.54,0.84768,-0.19091,-0.65677
328.56,0,28.56,-0.73222,1.161,-0.42875
327.85,0,28.58,0.64999,-0.60223,-0.047762
327.46,0,28.6,-0.28172,0.34464,-0.06292
327.07,0,28.62,0.10892,-0.24213,0.13321
327.54,0,28.64,0.26994,-0.42241,0.15248
327.19,0,28.66,0.18997,-0.049994,-0.13998
327.13,0,28.68,-0.7697,0.0089558,0.76074
327.79,0,28.7,0.41032,0.066592,-0.47692
328.48,0,28.72,-0.66765,-0.071448,0.7391
328.79,0,28.74,0.72928,-0.10091,-0.62837
328.33,0,28.76,-0.69331,1.0605,-0.36724
327.79,0,28.78,0.73405,-0.53754,-0.19651
327.64,0,28.8,-0.27838,0.29605,-0.017674
327.62,0,28.82,0.1787,-0.20747,0.028776
327.64,0,28.84,0.19769,-0.36998,0.17229
327.62,0,28.86,0.28755,-0.16423,-0.12332
327.63,0,28.88,-0.80999,0.059359,0.75063
327.86,0,28.9,0.4584,-0.0075401,-0.45086
328.55,0,28.92,-0.58109,-0.042809,0.6239
329.07,0,28.94,0.58906,-0.029542,-0.55952
328.46,0,28.96,-0.62098,0.94401,-0.32303
327.69,0,28.98,0.68053,-0.4641,-0.21642
327.48,0,29,-0.29219,0.25999,0.032206
327.84,0,29,0.22716,-0.19225,-0.034913
328.18,0,29,0.12567,-0.36895,0.24328
327.94,0,29,0.27768,-0.23907,-0.038608
327.58,0,29,-0.806,0.13455,0.67145
327.8,0,29,0.39873,0.015151,-0.41388
328.27,0,29,-0.53975,-0.01684,0.55659
328.72,0,29,0.52087,0.015828,-0.5367
328.48,0,29,-0.59811,0.8665,-0.26839
327.98,0,29,0.70717,-0.44625,-0.26092
327.78,0,29,-0.31723,0.24097,0.076262
327.85,0,29,0.25758,-0.18939,-0.068188
328.23,0,29,0.053057,-0.32797,0.27491
327.91,0,29,0.31659,-0.30089,-0.015699
327.58,0,29,-0.79946,0.16789,0.63157
327.98,0,29,0.39595,-0.022481,-0.37347
328.25,0,29,-0.51289,0.029608,0.48328
328.72,0,29,0.48435,0.034245,-0.5186
328.27,0,29,-0.55664,0.84528,-0.28864
327.67,0,29,0.72805,-0.42924,-0.29881
327.77,0,29,-0.36756,0.25606,0.1115
327.96,0,29,0.27808,-0.16004,-0.11805
328.11,0,29,-0.0038932,-0.27544,0.27933
327.8,0,29,0.37877,-0.36577,-0.013002
327.6,0,29,-0.7776,0.18309,0.59451
327.81,0,29,0.40113,-0.094116,-0.30701
328.27,0,29,-0.49304,0.055523,0.43751
328.41,0,29,0.43219,0.046213,-0.47841
328.16,0,29,-0.55869,0.82244,-0.26375
327.6,0,29,0.69947,-0.37956,-0.3199
327.51,0,29,-0.35114,0.20174,0.14941
328,0,29,0.32072,-0.10461,-0.21611
328.24,0,29,-0.066534,-0.25537,0.32191
327.88,0,29,0.40802,-0.44951,0.041487
327.61,0,29,-0.81219,0.22964,0.58254
327.7,0,29,0.41033,-0.11173,-0.2986
328.11,0,29,-0.4508,0.059512,0.39129
328.41,0,29,0.36452,0.088198,-0.45272
328.09,0,29,-0.50901,0.7602,-0.25119
327.6,0,29,0.73746,-0.35438,-0.38307
327.74,0,29,-0.34526,0.17843,0.16683
328.13,0,29,0.35229,-0.10722,-0.24507
328.42,0,29,-0.10059,-0.25031,0.3509
327.88,0,29,0.40261,-0.48761,0.084994
327.33,0,29,-0.80653,0.25911,0.54742
327.68,0,29,0.39059,-0.14346,-0.24713
328.16,0,29,-0.42144,0.093301,0.32814
328.46,0,29,0.36573,0.063133,-0.42886
327.58,0,29,-0.48495,0.70471,-0.21976
327.35,0,29,0.69879,-0.38858,-0.3102
327.89,0,29,-0.34866,0.19283,0.15583
328.15,0,29,0.39769,-0.11552,-0.28217
327.96,0,29,-0.14284,-0.21066,0.35351
327.61,0,29,0.4483,-0.52092,0.072621
327.86,0,29,-0.7757,0.28249,0.49321
327.95,0,29,0.42369,-0.13149,-0.2922
327.55,0,29,-0.45341,0.099299,0.35411
328.57,0,29,0.32379,0.17141,-0.4952
328.68,0,29,-0.47238,0.66511,-0.19273
327.28,0,29,0.72527,-0.29316,-0.43211
327.56,0,29,-0.31434,0.20194,0.11241
328.51,0,29,0.35259,-0.1003,-0.25229
328.19,0,29,-0.14919,-0.16142,0.31062
327.36,0,29,0.46778,-0.57475,0.10697
327.62,0,29,-0.71518,0.25979,0.45539
327.6,0,29,0.40297,-0.16121,-0.24176
328.22,0,29,-0.43484,0.06013,0.37471
328.47,0,29,0.33281,0.090725,-0.42353
328.15,0,29,-0.51801,0.66732,-0.14931
327.68,0,29,0.72835,-0.32556,-0.4028
327.76,0,29,-0.37329,0.21612,0.15717
328.14,0,29,0.3753,-0.10475,-0.27055
328.13,0,29,-0.19741,-0.1597,0.35711
327.85,0,29,0.4501,-0.55196,0.10186
327.51,0,29,-0.73567,0.24666,0.48901
327.71,0,29,0.37967,-0.14946,-0.23021
328.29,0,29,-0.42397,0.074816,0.34916
328.55,0,29,0.30826,0.10511,-0.41337
328.23,0,29,-0.50559,0.64443,-0.13884
327.59,0,29,0.71062,-0.29719,-0.41343
327.53,0,29,-0.35489,0.18542,0.16947
328.02,0,29,0.3555,-0.082482,-0.27302
328.29,0,29,-0.20812,-0.15238,0.3605
327.98,0,29,0.44959,-0.54946,0.099878
327.62,0,29,-0.74993,0.25681,0.49312
327.82,0,29,0.38969,-0.16487,-0.22482
328.09,0,29,-0.42622,0.095844,0.33037
328.34,0,29,0.28279,0.13653,-0.41932
328.13,0,29,-0.4864,0.62593,-0.13952
327.52,0,29,0.71077,-0.30276,-0.40802
327.66,0,29,-0.35565,0.1923,0.16335
328.17,0,29,0.36934,-0.093031,-0.27631
328.32,0,29,-0.23523,-0.1288,0.36402
328.04,0,29,0.47405,-0.5694,0.095348
327.67,0,29,-0.7138,0.26515,0.44865
327.66,0,29,0.39885,-0.16815,-0.2307
328.13,0,29,-0.38263,0.080945,0.30169
328.56,0,29,0.29048,0.10447,-0.39495
328.03,0,29,-0.48282,0.63049,-0.14768
327.44,0,29,0.72601,-0.30377,-0.42224
327.75,0,29,-0.38283,0.19659,0.18624
328.09,0,29.01,0.37877,-0.086173,-0.2926
328.21,0,29.02,-0.24707,-0.12487,0.37194
327.96,0,29.03,0.48265,-0.5867,0.10405
327.56,0,29.04,-0.70566,0.26558,0.44007
327.66,0,29.05,0.38912,-0.18906,-0.20006
328.27,0,29.06,-0.40064,0.091131,0.30951
328.42,0,29.07,0.29329,0.096149,-0.38944
327.91,0,29.08,-0.49304,0.6192,-0.12616
327.69,0,29.09,0.71145,-0.29993,-0.41152
327.66,0,29.1,-0.36834,0.17242,0.19593
327.96,0,29.11,0.37898,-0.10729,-0.27169
328.39,0,29.12,-0.25867,-0.13526,0.39393
327.98,0,29.13,0.45727,-0.57312,0.11584
327.56,0,29.14,-0.72635,0.28926,0.43709
327.82,0,29.15,0.39724,-0.17996,-0.21728
328.14,0,29.16,-0.41645,0.10094,0.31551
328.31,0,29.17,0.29713,0.10724,-0.40437
327.86,0,29.18,-0.48612,0.61168,-0.12556
327.53,0,29.19,0.71141,-0.30248,-0.40893
327.62,0,29.2,-0.39302,0.1951,0.19792
328.1,0,29.21,0.37182,-0.097524,-0.27429
328.42,0,29.22,-0.25104,-0.12776,0.3788
328.02,0,29.23,0.46896,-0.57141,0.10246
327.68,0,29.24,-0.7251,0.28228,0.44281
327.71,0,29.25,0.40221,-0.16924,-0.23297
328.01,0,29.26,-0.40039,0.085347,0.31504
328.32,0,29.27,0.28711,0.11629,-0.40339
327.97,0,29.28,-0.48299,0.60944,-0.12645
327.52,0,29.29,0.71935,-0.29722,-0.42213
327.71,0,29.3,-0.39055,0.19733,0.19322
328.15,0,29.31,0.37836,-0.10655,-0.27181
328.46,0,29.32,-0.24735,-0.13553,0.38288
328.11,0,29.33,0.46233,-0.56937,0.10704
327.55,0,29.34,-0.7049,0.26091,0.44399
327.57,0,29.35,0.38409,-0.17274,-0.21134
328.05,0,29.36,-0.38714,0.083677,0.30346
328.39,0,29.37,0.28184,0.11304,-0.39488
327.98,0,29.38,-0.48222,0.59861,-0.11639
327.61,0,29.39,0.71942,-0.29584,-0.42358
327.72,0,29.4,-0.39909,0.20232,0.19677
328.22,0,29.41,0.37439,-0.072597,-0.30179
328.27,0,29.42,-0.25096,-0.11135,0.36232
327.8,0,29.43,0.4766,-0.59584,0.11924
327.5,0,29.44,-0.70534,0.28987,0.41547
327.6,0,29.45,0.38956,-0.17997,-0.20959
328.11,0,29.46,-0.38433,0.086661,0.29767
328.43,0,29.47,0.27417,0.11583,-0.39001
328.02,0,29.48,-0.48135,0.59295,-0.1116
327.65,0,29.49,0.72189,-0.29294,-0.42895
327.78,0,29.5,-0.36271,0.16592,0.19679
327.99,0,29.51,0.3908,-0.11571,-0.27509
328.45,0,29.52,-0.26519,-0.14055,0.40574
328.06,0,29.53,0.45497,-0.57966,0.12469
327.42,0,29.54,-0.71022,0.27516,0.43506
327.67,0,29.55,0.37601,-0.18683,-0.18918
328.16,0,29.56,-0.40125,0.1027,0.29855
328.37,0,29.57,0.26187,0.13413,-0.396
328.14,0,29.58,-0.47716,0.59801,-0.12085
327.61,0,29.59,0.70903,-0.28711,-0.42192
327.58,0,29.6,-0.35865,0.15981,0.19883
327.94,0,29.61,0.39272,-0.09728,-0.29544
328.31,0,29.62,-0.27581,-0.12717,0.40297
327.95,0,29.63,0.469,-0.59502,0.12602
327.5,0,29.64,-0.72184,0.29416,0.42769
327.74,0,29.65,0.38853,-0.18356,-0.20497
328.13,0,29.66,-0.38499,0.10268,0.28231
328.5,0,29.67,0.26553,0.1285,-0.39403
328.1,0,29.68,-0.46899,0.58209,-0.1131
327.53,0,29.69,0.70671,-0.27235,-0.43436
327.67,0,29.7,-0.3459,0.1655,0.1804
327.99,0,29.71,0.41014,-0.11376,-0.29639
328.28,0,29.72,-0.26519,-0.14508,0.41028
328.09,0,29.73,0.46467,-0.60039,0.13572
327.43,0,29.74,-0.7325,0.29144,0.44106
327.86,0,29.75,0.38219,-0.1826,-0.19958
328.15,0,29.76,-0.39195,0.086423,0.30553
328.31,0,29.77,0.26626,0.1202,-0.38646
328.04,0,29.78,-0.48769,0.60094,-0.11324
327.59,0,29.79,0.71667,-0.28234,-0.43433
327.75,0,29.8,-0.35409,0.16423,0.18986
327.99,0,29.81,0.40169,-0.11608,-0.28561
328.36,0,29.82,-0.27979,-0.12942,0.40921
327.78,0,29.83,0.46345,-0.59019,0.12674
327.5,0,29.84,-0.71589,0.3068,0.40909
327.66,0,29.85,0.39363,-0.17477,-0.21886
328.04,0,29.86,-0.37373,0.090226,0.2835
328.5,0,29.87,0.27689,0.11513,-0.39202
327.97,0,29.88,-0.47102,0.58038,-0.10937
327.69,0,29.89,0.72482,-0.29953,-0.42529
327.79,0,29.9,-0.36851,0.16037,0.20814
327.98,0,29.91,0.38522,-0.08066,-0.30456
328.28,0,29.92,-0.27874,-0.11294,0.39167
327.9,0,29.93,0.48291,-0.59955,0.11663
327.54,0,29.94,-0.70938,0.28795,0.42144
327.64,0,29.95,0.39199,-0.19123,-0.20077
328.17,0,29.96,-0.38324,0.094194,0.28905
328.44,0,29.97,0.26049,0.12416,-0.38465
328.08,0,29.98,-0.47671,0.65255,-0.17584
327.37,0,29.99,0.72492,-0.28469,-0.44023
327.68,0,30,-0.37158,0.15479,0.21679
328.07,0,30,0.40247,-0.092486,-0.30998
328.25,0,30,-0.26543,-0.12736,0.39279
328.03,0,30,0.48203,-0.60309,0.12106
327.51,0,30,-0.71738,0.28191,0.43547
327.73,0,30,0.38598,-0.19366,-0.19233
328.2,0,30,-0.39194,0.10576,0.28618
328.43,0,30,0.27924,0.10946,-0.3887
327.87,0,30,-0.47643,0.58415,-0.10772
327.66,0,30,0.71365,-0.29698,-0.41666
327.67,0,30,-0.40593,0.19588,0.21005
328.15,0,30,0.40104,-0.091171,-0.30987
328.25,0,30,-0.25735,-0.12863,0.38598
328.08,0,30,0.48683,-0.60334,0.11651
327.54,0,30,-0.71703,0.27586,0.44117
327.65,0,30,0.38569,-0.17235,-0.21334
328,0,30,-0.37841,0.092909,0.2855
328.45,0,30,0.27721,0.11888,-0.3961
327.96,0,30,-0.46886,0.58352,-0.11465
327.63,0,30,0.72452,-0.29894,-0.42558
327.76,0,30,-0.40246,0.19419,0.20827
328.14,0,30,0.40427,-0.10141,-0.30286
328.29,0,30,-0.25587,-0.13631,0.39218
327.94,0,30,0.45834,-0.60432,0.14599
327.36,0,30,-0.72873,0.30523,0.4235
327.78,0,30,0.37765,-0.16988,-0.20777
327.99,0,30,-0.38645,0.10872,0.27774
328.5,0,30,0.27408,0.13194,-0.40602
328.04,0,30,-0.45819,0.58071,-0.12251
327.46,0,30,0.70952,-0.28066,-0.42886
327.65,0,30,-0.38128,0.19251,0.18877
328.17,0,30,0.39358,-0.10156,-0.29202
328.38,0,30,-0.25519,-0.13357,0.38876
327.94,0,30,0.45559,-0.59527,0.13968
327.43,0,30,-0.73117,0.30819,0.42298
327.8,0,30,0.38571,-0.17381,-0.21189
328.04,0,30,-0.38031,0.076674,0.30364
328.32,0,30,0.27727,0.10893,-0.3862
327.91,0,30,-0.48633,0.59703,-0.1107
327.6,0,30,0.70917,-0.28693,-0.42224
327.64,0,30,-0.39691,0.19816,0.19875
328.22,0,30,0.38038,-0.094098,-0.28628
328.45,0,30,-0.2538,-0.12474,0.37854
327.92,0,30,0.45891,-0.58668,0.12778
327.56,0,30,-0.7578,0.30622,0.45159
327.48,0,30,0.4003,-0.17813,-0.22217
328.04,0,30,-0.36516,0.071485,0.29368
328.42,0,30,0.27877,0.10088,-0.37965
327.88,0,30,-0.48388,0.58458,-0.1007
327.7,0,30,0.70898,-0.29068,-0.4183
327.64,0,30,-0.40828,0.20233,0.20596
328.2,0,30,0.40206,-0.089024,-0.31304
328.23,0,30,-0.25241,-0.12851,0.38092
327.91,0,30,0.46752,-0.60977,0.14225
327.37,0,30,-0.71749,0.29483,0.42266
327.69,0,30,0.3768,-0.17504,-0.20176
328.04,0,30,-0.39058,0.10262,0.28795
328.42,0,30,0.27125,0.12983,-0.40109
328.04,0,30,-0.46715,0.58857,-0.12142
327.58,0,30,0.73084,-0.29713,-0.43372
327.82,0,30,-0.39631,0.19374,0.20257
328.2,0,30,0.37947,-0.079148,-0.30032
328.35,0,30,-0.25913,-0.11367,0.3728
328.03,0,30,0.49095,-0.62841,0.13745
327.38,0,30,-0.71073,0.27294,0.43779
327.68,0,30,0.37095,-0.18905,-0.18191
328.15,0,30,-0.4047,0.10789,0.29681
328.32,0,30,0.28112,0.11479,-0.39591
327.87,0,30,-0.4777,0.5959,-0.1182
327.55,0,30,0.71207,-0.29482,-0.41725
327.65,0,30,-0.39448,0.1888,0.20568
328.14,0,30,0.37841,-0.093381,-0.28503
328.47,0,30,-0.26235,-0.12186,0.38421
328.05,0,30,0.47578,-0.58142,0.10564
327.55,0,30,-0.69765,0.26522,0.43243
327.61,0,30,0.34743,-0.16715,-0.18028
328.02,0,30,-0.41193,0.10633,0.3056
328.24,0,30,0.26734,0.13995,-0.40729
328.08,0,30,-0.47254,0.60722,-0.13469
327.43,0,30,0.72798,-0.28845,-0.43953
327.81,0,30,-0.3784,0.18661,0.19179
328.13,0,30,0.39492,-0.11564,-0.27928
328.46,0,30,-0.28115,-0.11657,0.39772
327.87,0,30,0.46659,-0.5809,0.1143
327.62,0,30,-0.72001,0.30322,0.41679
327.71,0,30,0.40442,-0.18866,-0.21575
328.1,0,30,-0.40007,0.093939,0.30613
328.29,0,30,0.26386,0.12855,-0.39241
328.06,0,30,-0.48117,0.60121,-0.12005
327.53,0,30,0.72094,-0.28305,-0.4379
327.76,0,30,-0.38803,0.19699,0.19105
328.23,0,30,0.39048,-0.078029,-0.31245
328.25,0,30,-0.25595,-0.11699,0.37294
327.87,0,30,0.47846,-0.60863,0.13017
327.44,0,30,-0.71129,0.29404,0.41724
327.64,0,30,0.38353,-0.1822,-0.20132
328.07,0,30,-0.38498,0.096915,0.28806
328.41,0,30,0.26614,0.12605,-0.39219
328.03,0,30,-0.47193,0.58629,-0.11436
327.61,0,30,0.7257,-0.29086,-0.43483
327.79,0,30,-0.39836,0.19678,0.20158
328.18,0,30.01,0.41185,-0.10617,-0.30568
328.26,0,30.02,-0.27681,-0.11627,0.39308
327.88,0,30.03,0.48319,-0.60184,0.11865
327.52,0,30.04,-0.70855,0.28861,0.41993
327.63,0,30.05,0.39033,-0.18962,-0.20071
328.15,0,30.06,-0.38362,0.093847,0.28977
328.43,0,30.07,0.26168,0.124,-0.38568
328.07,0,30.08,-0.47747,0.58632,-0.10885
327.51,0,30.09,0.70174,-0.26744,-0.43431
327.6,0,30.1,-0.34208,0.16498,0.1771
328.01,0,30.11,0.41641,-0.10824,-0.30817
328.22,0,30.12,-0.26771,-0.1424,0.41011
328.08,0,30.13,0.47237,-0.61052,0.13816
327.4,0,30.14,-0.72815,0.28845,0.43971
327.81,0,30.15,0.37549,-0.18442,-0.19108
328.11,0,30.16,-0.39655,0.11688,0.27967
328.45,0,30.17,0.28285,0.11776,-0.40061
327.87,0,30.18,-0.46483,0.58198,-0.11715
327.6,0,30.19,0.72096,-0.30441,-0.41655
327.72,0,30.2,-0.40217,0.18616,0.21601
328.08,0,30.21,0.40115,-0.09464,-0.30651
328.28,0,30.22,-0.26526,-0.12891,0.39417
328.05,0,30.23,0.48048,-0.60198,0.1215
327.52,0,30.24,-0.72086,0.28422,0.43664
327.76,0,30.25,0.38762,-0.19551,-0.19211
328.21,0,30.26,-0.38991,0.10855,0.28137
328.46,0,30.27,0.27646,0.11148,-0.38794
327.88,0,30.28,-0.47371,0.58006,-0.10635
327.53,0,30.29,0.68852,-0.27326,-0.41526
327.47,0,30.3,-0.38846,0.19754,0.19092
328.21,0,30.31,0.38937,-0.082206,-0.30716
328.3,0,30.32,-0.25701,-0.11935,0.37636
328.06,0,30.33,0.49304,-0.5993,0.10626
327.62,0,30.34,-0.7128,0.27402,0.43878
327.61,0,30.35,0.39375,-0.18085,-0.2129
328.06,0,30.36,-0.37317,0.088548,0.28462
328.46,0,30.37,0.27106,0.11598,-0.38704
327.97,0,30.38,-0.47352,0.58055,-0.10702
327.54,0,30.39,0.69408,-0.26935,-0.42473
327.53,0,30.4,-0.38676,0.20128,0.18548
328.24,0,30.41,0.39362,-0.089632,-0.30399
328.31,0,30.42,-0.2516,-0.12633,0.37793
327.94,0,30.43,0.46949,-0.60271,0.13322
327.45,0,30.44,-0.72193,0.29846,0.42347
327.73,0,30.45,0.38495,-0.18163,-0.20332
328.08,0,30.46,-0.38385,0.10437,0.27948
328.48,0,30.47,0.26496,0.13046,-0.39541
328.07,0,30.48,-0.46523,0.58006,-0.11483
327.5,0,30.49,0.70567,-0.27178,-0.43389
327.66,0,30.5,-0.34479,0.16067,0.18412
327.96,0,30.51,0.41332,-0.11193,-0.30139
328.27,0,30.52,-0.27265,-0.14153,0.41419
328.06,0,30.53,0.46617,-0.60508,0.13891
327.41,0,30.54,-0.73124,0.29512,0.43611
327.82,0,30.55,0.37896,-0.18171,-0.19725
328.09,0,30.56,-0.39138,0.11582,0.27556
328.49,0,30.57,0.28586,0.11488,-0.40074
327.84,0,30.58,-0.46254,0.57785,-0.11531
327.48,0,30.59,0.6982,-0.28812,-0.41008
327.5,0,30.6,-0.38582,0.18625,0.19957
328.12,0,30.61,0.38645,-0.082641,-0.30381
328.32,0,30.62,-0.26681,-0.11669,0.38349
328,0,30.63,0.48713,-0.59719,0.11006
327.61,0,30.64,-0.714,0.2824,0.4316
327.7,0,30.65,0.39629,-0.20282,-0.19348
328.26,0,30.66,-0.38399,0.10099,0.283
328.47,0,30.67,0.24828,0.13133,-0.37961
327.98,0,30.68,-0.45617,0.58514,-0.12897
327.57,0,30.69,0.71202,-0.30556,-0.40646
327.54,0,30.7,-0.40091,0.17989,0.22102
328.07,0,30.71,0.367,-0.077132,-0.28987
328.46,0,30.72,-0.2756,-0.10518,0.38078
327.93,0,30.73,0.47999,-0.61819,0.1382
327.42,0,30.74,-0.7135,0.28897,0.42453
327.67,0,30.75,0.37956,-0.18309,-0.19647
328.09,0,30.76,-0.39086,0.10173,0.28913
328.41,0,30.77,0.26408,0.13109,-0.39517
328.08,0,30.78,-0.47097,0.58877,-0.1178
327.6,0,30.79,0.72929,-0.29085,-0.43844
327.73,0,30.8,-0.39463,0.1696,0.22503
327.99,0,30.81,0.36701,-0.064696,-0.30231
328.34,0,30.82,-0.28469,-0.095816,0.3805
327.81,0,30.83,0.48927,-0.59251,0.10323
327.64,0,30.84,-0.70055,0.2887,0.41185
327.56,0,30.85,0.40353,-0.19806,-0.20546
328.21,0,30.86,-0.37368,0.083002,0.29068
328.44,0,30.87,0.25816,0.11475,-0.37291
328.06,0,30.88,-0.48447,0.61912,-0.13464
327.44,0,30.89,0.71724,-0.27772,-0.43952
327.73,0,30.9,-0.37708,0.19107,0.18601
328.18,0,30.91,0.39972,-0.10984,-0.28988
328.39,0,30.92,-0.27904,-0.11451,0.39355
327.88,0,30.93,0.47548,-0.58926,0.11378
327.6,0,30.94,-0.71475,0.29673,0.41802
327.68,0,30.95,0.40053,-0.192,-0.20853
328.1,0,30.96,-0.40691,0.093535,0.31337
328.23,0,30.97,0.26192,0.13056,-0.39247
328.07,0,30.98,-0.48408,0.60651,-0.12243
327.5,0,30.99,0.7188,-0.27897,-0.43983
327.64,0,31,-0.38131,0.16434,0.21697
327.96,0,31.01,0.38,-0.093637,-0.28637
328.44,0,31.02,-0.28045,-0.11905,0.39949
327.94,0,31.03,0.46745,-0.58512,0.11767
327.6,0,31.04,-0.72393,0.30099,0.42294
327.75,0,31.05,0.40087,-0.19064,-0.21024
328.11,0,31.06,-0.40389,0.10052,0.30338
328.29,0,31.07,0.25953,0.1351,-0.39463
328.1,0,31.08,-0.47774,0.60034,-0.1226
327.52,0,31.09,0.72498,-0.2824,-0.44258
327.7,0,31.1,-0.38461,0.16786,0.21676
327.97,0,31.11,0.37716,-0.097517,-0.27964
328.5,0,31.12,-0.27942,-0.12078,0.4002
327.96,0,31.13,0.4632,-0.57942,0.11622
327.5,0,31.14,-0.70121,0.28035,0.42086
327.58,0,31.15,0.3858,-0.19373,-0.19207
328.17,0,31.16,-0.38916,0.092771,0.29639
328.35,0,31.17,0.25729,0.12639,-0.38368
328.08,0,31.18,-0.48186,0.59226,-0.1104
327.62,0,31.19,0.72158,-0.28057,-0.44101
327.68,0,31.2,-0.39454,0.17612,0.21842
328.05,0,31.21,0.37132,-0.061672,-0.30965
328.28,0,31.22,-0.27972,-0.098944,0.37866
327.83,0,31.23,0.49593,-0.59844,0.10251
327.63,0,31.24,-0.69724,0.28178,0.41546
327.54,0,31.25,0.39988,-0.20096,-0.19892
328.24,0,31.26,-0.37901,0.084098,0.29491
328.4,0,31.27,0.2549,0.11781,-0.3727
327.89,0,31.28,-0.46752,0.59213,-0.12461
327.53,0,31.29,0.72056,-0.30203,-0.41853
327.71,0,31.3,-0.39439,0.18443,0.20996
328.11,0,31.31,0.37613,-0.098095,-0.27803
328.52,0,31.32,-0.26492,-0.12357,0.3885
328.06,0,31.33,0.46783,-0.61228,0.14445
327.41,0,31.34,-0.72907,0.29161,0.43745
327.71,0,31.35,0.37601,-0.15002,-0.22599
327.85,0,31.36,-0.3785,0.098675,0.27983
328.49,0,31.37,0.29203,0.11959,-0.41162
327.89,0,31.38,-0.45657,0.58169,-0.12512
327.58,0,31.39,0.7293,-0.31299,-0.41631
327.77,0,31.4,-0.4011,0.18239,0.21871
328.04,0,31.41,0.39819,-0.10031,-0.29788
328.32,0,31.42,-0.26617,-0.13194,0.3981
328.04,0,31.43,0.47248,-0.59546,0.12298
327.52,0,31.44,-0.7249,0.28878,0.43612
327.79,0,31.45,0.38917,-0.19071,-0.19847
328.2,0,31.46,-0.38783,0.07761,0.31022
328.29,0,31.47,0.26298,0.11415,-0.37713
328.03,0,31.48,-0.49486,0.66932,-0.17446
327.32,0,31.49,0.70937,-0.27355,-0.43582
327.66,0,31.5,-0.36452,0.18795,0.17657
328.11,0,31.51,0.40725,-0.11027,-0.29698
328.29,0,31.52,-0.25467,-0.14401,0.39868
328.15,0,31.53,0.47219,-0.5986,0.12641
327.5,0,31.54,-0.731,0.28326,0.44774
327.76,0,31.55,0.38271,-0.16513,-0.21758
327.96,0,31.56,-0.3793,0.1026,0.2767
328.53,0,31.57,0.28131,0.1241,-0.40541
327.98,0,31.58,-0.45869,0.57845,-0.11976
327.49,0,31.59,0.7066,-0.28466,-0.42193
327.61,0,31.6,-0.38567,0.19302,0.19265
328.16,0,31.61,0.38772,-0.096559,-0.29116
328.38,0,31.62,-0.25597,-0.1287,0.38467
327.9,0,31.63,0.45727,-0.59284,0.13556
327.45,0,31.64,-0.72725,0.30708,0.42017
327.77,0,31.65,0.38806,-0.17394,-0.21412
328.05,0,31.66,-0.37901,0.072018,0.30699
328.3,0,31.67,0.27885,0.10788,-0.38673
327.89,0,31.68,-0.48967,0.59921,-0.10954
327.6,0,31.69,0.70597,-0.28565,-0.42031
327.61,0,31.7,-0.39682,0.19925,0.19757
328.22,0,31.71,0.38029,-0.092026,-0.28826
328.43,0,31.72,-0.2531,-0.12368,0.37678
327.91,0,31.73,0.46087,-0.58791,0.12704
327.53,0,31.74,-0.72585,0.30523,0.42062
327.76,0,31.75,0.39496,-0.18131,-0.21365
328.11,0,31.76,-0.37528,0.070048,0.30523
328.33,0,31.77,0.27351,0.10367,-0.37718
327.92,0,31.78,-0.49311,0.59597,-0.10286
327.65,0,31.79,0.70526,-0.28201,-0.42325
327.64,0,31.8,-0.36146,0.16563,0.19583
328.01,0,31.81,0.39538,-0.10256,-0.29282
328.36,0,31.82,-0.27027,-0.13171,0.40198
328.03,0,31.83,0.46871,-0.59338,0.12467
327.53,0,31.84,-0.72744,0.29377,0.43368
327.8,0,31.85,0.39084,-0.18919,-0.20166
328.18,0,31.86,-0.38434,0.077906,0.30643
328.31,0,31.87,0.26407,0.11326,-0.37733
328.02,0,31.88,-0.4921,0.63476,-0.14266
327.34,0,31.89,0.7101,-0.27437,-0.43573
327.66,0,31.9,-0.36657,0.18693,0.17964
328.12,0,31.91,0.4061,-0.10893,-0.29717
328.31,0,31.92,-0.25677,-0.14193,0.3987
328.14,0,31.93,0.4729,-0.59847,0.12558
327.54,0,31.94,-0.70924,0.28386,0.42537
327.56,0,31.95,0.39165,-0.19121,-0.20044
328.17,0,31.96,-0.38395,0.086814,0.29714
328.39,0,31.97,0.26273,0.11919,-0.38192
328.05,0,31.98,-0.48332,0.65849,-0.17517
327.36,0,31.99,0.71887,-0.28137,-0.4375
327.73,0,32,-0.36974,0.18586,0.18388
328.16,1.24,32.01,0.40409,-0.11661,-0.28747
328.49,2.48,32.02,-0.26877,-0.1172,0.38596
328.13,3.72,32.03,0.4536,-0.56122,0.10761
327.91,4.96,32.04,-0.69808,0.25465,0.44343
327.81,6.2,32.05,0.4147,-0.17843,-0.23627
328.24,7.44,32.06,-0.42083,0.11451,0.30632
328.74,8.68,32.07,0.23826,0.10547,-0.34372
328.29,9.92,32.08,-0.39259,0.6045,-0.21191
327.65,11.16,32.09,0.72768,-0.24278,-0.4849
328.01,12.4,32.1,-0.41923,0.15166,0.26758
328.3,13.64,32.11,0.45163,-0.16453,-0.28711
328.89,14.88,32.12,-0.21923,-0.095903,0.31513
328.62,16.12,32.13,0.3656,-0.55131,0.18571
327.5,17.36,32.14,-0.72821,0.16986,0.55835
327.67,18.6,32.15,0.43153,-0.12959,-0.30194
327.93,19.84,32.16,-0.56149,0.19487,0.36662
328.05,21.08,32.17,0.21791,0.090826,-0.30874
328.26,22.32,32.18,-0.39978,0.59923,-0.19945
327.57,23.56,32.19,0.68593,-0.12372,-0.56221
327.75,24.8,32.2,-0.41989,0.12615,0.29374
328.39,26.04,32.21,0.58419,-0.24442,-0.33977
328.54,27.28,32.22,-0.20219,-0.056351,0.25854
328.14,28.52,32.23,0.28642,-0.52177,0.23536
327.79,29.76,32.24,-0.65886,0.13226,0.5266
327.73,31,32.25,0.45405,-0.052437,-0.40162
328.02,32.24,32.26,-0.584,0.24528,0.33873
328.38,33.48,32.27,0.19449,0.029019,-0.22351
328.23,34.72,32.28,-0.2691,0.56202,-0.29292
327.59,35.96,32.29,0.65341,-0.10745,-0.54596
328.03,37.2,32.3,-0.46726,0.068073,0.39919
328.44,38.44,32.31,0.62471,-0.31082,-0.3139
328.51,39.68,32.32,-0.17861,0.0019858,0.17662
328.36,40.92,32.33,0.23539,-0.55747,0.32208
327.74,42.16,32.34,-0.66146,0.071303,0.59015
328.01,43.4,32.35,0.50862,-0.047712,-0.46091
328.36,44.64,32.36,-0.64285,0.29434,0.34851
328.65,45.88,32.37,0.18555,-0.044101,-0.14145
328.33,47.12,32.38,-0.1964,0.54642,-0.35002
327.95,48.36,32.39,0.64073,-0.046958,-0.59377
328.21,49.6,32.4,-0.53027,0.053832,0.47644
328.76,50.84,32.41,0.67899,-0.34278,-0.33622
328.84,52.08,32.42,-0.15124,0.070844,0.080392
328.69,53.32,32.43,0.17236,-0.49598,0.32362
328.22,54.56,32.44,-0.60942,-0.0096881,0.6191
328.05,55.8,32.45,0.55769,-0.031745,-0.52595
328.49,57.04,32.46,-0.69805,0.35764,0.34042
328.79,58.28,32.47,0.18841,-0.12786,-0.060553
328.48,59.52,32.48,-0.13609,0.49004,-0.35395
328.16,60.76,32.49,0.59861,0.028139,-0.62675
327.92,62,32.5,-0.58518,0.013639,0.57154
328.34,63.24,32.51,0.72622,-0.37452,-0.3517
328.73,64.48,32.52,-0.19897,0.16523,0.03374
328.3,65.72,32.53,0.10605,-0.51746,0.41142
328.11,66.96,32.54,-0.58491,-0.053056,0.63797
328.19,68.2,32.55,0.61168,-0.034376,-0.57731
328.65,69.44,32.56,-0.74934,0.4397,0.30964
329.13,70.68,32.57,0.17179,-0.17974,0.0079433
328.64,71.92,32.58,-0.055992,0.47906,-0.42306
327.95,73.16,32.59,0.53739,0.10561,-0.643
327.86,74.4,32.6,-0.61985,-0.0013199,0.62117
328.56,75.64,32.61,0.78834,-0.43664,-0.3517
328.9,76.88,32.62,-0.23374,0.26678,-0.033049
328.12,78.12,32.63,0.018789,-0.47289,0.4541
327.61,79.36,32.64,-0.5049,-0.11689,0.62179
327.97,80.6,32.65,0.62881,0.016305,-0.64511
328.19,81.84,32.66,-0.85513,0.49522,0.35991
328.58,83.08,32.67,0.23423,-0.2685,0.034263
328.46,84.32,32.68,0.0011327,0.47368,-0.47482
327.73,85.56,32.69,0.50618,0.18372,-0.6899
327.73,86.8,32.7,-0.66711,-0.0056162,0.67272
328.16,88.04,32.71,0.89217,-0.50241,-0.38976
328.52,89.28,32.72,-0.23315,0.31438,-0.081237
328.37,90.52,32.73,-0.015186,-0.44659,0.46177
327.94,91.76,32.74,-0.51801,-0.19821,0.71622
328.24,93,32.75,0.72352,-0.034261,-0.68926
328.83,94.24,32.76,-0.90536,0.57184,0.33353
328.98,95.48,32.77,0.20371,-0.35687,0.15316
328.43,96.72,32.78,0.071151,0.43469,-0.50584
327.8,97.96,32.79,0.46915,0.23447,-0.70362
327.76,99.2,32.8,-0.70985,-0.044165,0.75401
328.15,100.44,32.81,0.9392,-0.56339,-0.37581
328.61,101.68,32.82,-0.24595,0.39234,-0.1464
328.37,102.92,32.83,-0.084371,-0.43907,0.52344
328.07,104.16,32.84,-0.45774,-0.25507,0.7128
328.03,105.4,32.85,0.68527,0.089918,-0.77519
328.32,106.64,32.86,-0.98204,0.59402,0.38802
328.56,107.88,32.87,0.22537,-0.41494,0.18957
328.33,109.12,32.88,0.128,0.45492,-0.58292
327.98,110.36,32.89,0.43476,0.27991,-0.71467
327.93,111.6,32.9,-0.75376,-0.083968,0.83773
328.25,112.84,32.91,0.9832,-0.60546,-0.37774
328.93,114.08,32.92,-0.23392,0.45664,-0.22272
328.53,115.32,32.93,-0.16461,-0.45976,0.62437
327.96,116.56,32.94,-0.42462,-0.33391,0.75854
327.9,117.8,32.95,0.72675,0.12226,-0.84901
328.36,119.04,32.96,-1.0355,0.64135,0.39413
328.82,120.28,32.97,0.21331,-0.4675,0.25419
328.67,121.52,32.98,0.19033,0.44377,-0.63411
328.36,122.76,32.99,0.40189,0.35443,-0.75632
328.19,124,33,-0.79528,-0.098353,0.89363
328.69,127.11,33.01,1.0467,-0.69024,-0.35649
329.38,130.22,33.02,-0.17666,0.50387,-0.32721
329.08,133.33,33.03,-0.27452,-0.38071,0.65523
328.78,136.44,33.04,-0.39391,-0.41735,0.81126
328.74,139.55,33.05,0.88626,0.082238,-0.9685
328.64,142.66,33.06,-1.2012,0.8418,0.35938
328.78,145.77,33.07,0.16415,-0.56661,0.40246
328.68,148.88,33.08,0.34394,0.35429,-0.69823
328.18,151.99,33.09,0.34443,0.51727,-0.8617
328.12,155.1,33.1,-0.91339,-0.15307,1.0665
328.74,158.21,33.11,1.226,-0.82449,-0.40154
329.27,161.32,33.12,-0.16629,0.67157,-0.50528
328.78,164.43,33.13,-0.44837,-0.32922,0.77759
328.39,167.54,33.14,-0.33003,-0.58608,0.91612
328.37,170.65,33.15,0.97401,0.19351,-1.1675
328.59,173.76,33.16,-1.3113,0.92424,0.38706
329.25,176.87,33.17,0.15711,-0.72777,0.57066
329,179.98,33.18,0.53233,0.31202,-0.84435
328.5,183.09,33.19,0.26723,0.69541,-0.96264
328.33,186.2,33.2,-1.0581,-0.15491,1.213
329.11,189.31,33.21,1.4002,-1.0023,-0.39789
329.8,192.42,33.22,-0.11574,0.791,-0.67527
329.59,195.53,33.23,-0.62135,-0.2474,0.86875
329.1,198.64,33.24,-0.23411,-0.7748,1.0089
328.83,201.75,33.25,1.0769,0.23535,-1.3123
329.29,204.86,33.26,-1.4815,1.0855,0.39597
329.51,207.97,33.27,0.16509,-0.94323,0.77813
328.98,211.08,33.28,0.69537,0.2482,-0.94357
328.59,214.19,33.29,0.12356,0.84761,-0.97118
328.36,217.3,33.3,-1.1054,-0.30687,1.4123
328.62,220.41,33.31,1.5676,-1.132,-0.43559
329.45,223.52,33.32,-0.19494,1.0092,-0.81424
329.36,226.63,33.33,-0.77183,-0.17783,0.94965
329.17,229.74,33.34,-0.15495,-0.92958,1.0845
329.07,232.85,33.35,1.2411,0.21911,-1.4602
329.71,235.96,33.36,-1.6342,1.2413,0.39293
330.13,239.07,33.37,0.083081,-1.0506,0.96751
329.61,242.18,33.38,0.88787,0.10241,-0.99028
329.15,245.29,33.39,0.12181,1.042,-1.1638
328.9,248.4,33.4,-1.2085,-0.35038,1.5589
329.04,251.51,33.41,1.7712,-1.3123,-0.45887
329.17,254.62,33.42,-0.19433,1.2037,-1.0094
328.86,257.73,33.43,-0.93622,-0.17738,1.1136
328.59,260.84,33.44,0.0023007,-1.1012,1.0989
328.25,263.95,33.45,1.2429,0.40969,-1.6526
329.1,267.06,33.46,-1.7932,1.3313,0.46194
329.92,270.17,33.47,0.14795,-1.2498,1.1018
329.54,273.28,33.48,1.0595,0.10844,-1.168
328.73,276.39,33.49,0.024218,1.1965,-1.2207
328.64,279.5,33.5,-1.2874,-0.44267,1.7301
329.09,282.61,33.51,1.9008,-1.4228,-0.47792
329.92,285.72,33.52,-0.1469,1.3151,-1.1682
329.71,288.83,33.53,-1.1387,-0.083753,1.2224
329.31,291.94,33.54,-0.050619,-1.2615,1.3121
329.07,295.05,33.55,1.4209,0.39989,-1.8208
329.68,298.16,33.56,-1.9544,1.5241,0.43028
329.91,301.27,33.57,0.14388,-1.4518,1.3079
329.5,304.38,33.58,1.2036,0.11136,-1.315
328.87,307.49,33.59,-0.058657,1.3551,-1.2964
328.55,310.6,33.6,-1.3786,-0.52749,1.9061
328.9,313.71,33.61,2.0515,-1.5784,-0.47312
329.58,316.82,33.62,-0.20737,1.5307,-1.3234
329.51,319.93,33.63,-1.2818,-0.1536,1.4354
328.7,323.04,33.64,0.074228,-1.4472,1.3729
328.55,326.15,33.65,1.3995,0.58637,-1.9858
328.88,329.26,33.66,-2.1572,1.6208,0.53639
329.31,332.37,33.67,0.20149,-1.6066,1.4051
329.36,335.48,33.68,1.3512,0.14014,-1.4914
328.97,338.59,33.69,-0.083779,1.503,-1.4193
328.98,341.7,33.7,-1.5089,-0.56292,2.0719
329.3,344.81,33.71,2.2092,-1.7273,-0.48189
330.09,347.92,33.72,-0.18099,1.6934,-1.5124
329.54,351.03,33.73,-1.4791,-0.079699,1.5588
329.21,354.14,33.74,0.16253,-1.5933,1.4308
328.87,357.25,33.75,1.5679,0.60511,-2.173
329.1,360.36,33.76,-2.3238,1.7603,0.56354
329.61,363.47,33.77,0.18508,-1.7681,1.583
329.66,366.58,33.78,1.5199,0.10545,-1.6254
329.37,369.69,33.79,-0.14421,1.669,-1.5248
328.97,372.8,33.8,-1.6397,-0.60996,2.2497
329.24,375.91,33.81,2.3788,-1.8536,-0.52517
329.69,379.02,33.82,-0.21319,1.8964,-1.6832
329.5,382.13,33.83,-1.6055,-0.096736,1.7022
328.96,385.24,33.84,0.2862,-1.7515,1.4653
328.6,388.35,33.85,1.6219,0.71892,-2.3408
329,391.46,33.86,-2.449,1.9006,0.54843
330.01,394.57,33.87,0.19865,-1.9368,1.7381
330.3,397.68,33.88,1.6968,-0.0070334,-1.6898
330.33,400.79,33.89,-0.19756,1.8178,-1.6202
329.63,403.9,33.9,-1.828,-0.63024,2.4583
329.64,407.01,33.91,2.5227,-2.0047,-0.51798
330.32,410.12,33.92,-0.16219,2.0362,-1.874
329.99,413.23,33.93,-1.7932,-0.022107,1.8153
329.46,416.34,33.94,0.35797,-1.941,1.583
328.94,419.45,33.95,1.784,0.70316,-2.4871
329.55,422.56,33.96,-2.6176,2.0464,0.57118
330.15,425.67,33.97,0.23084,-2.1612,1.9304
329.55,428.78,33.98,1.8821,0.0048906,-1.887
329.06,431.89,33.99,-0.42848,2.0069,-1.5784
328.84,435,34,-1.8101,-0.77881,2.5889
328.97,437.3,34.01,2.7084,-2.0853,-0.62311
329.82,439.6,34.02,-0.25623,2.2188,-1.9626
329.88,441.9,34.03,-1.9401,0.012138,1.9279
329.39,444.2,34.04,0.4362,-2.0733,1.6371
329.24,446.5,34.05,1.88,0.77595,-2.656
329.54,448.8,34.06,-2.7486,2.1402,0.60835
330.49,451.1,34.07,0.20448,-2.2581,2.0536
330.44,453.4,34.08,2.0352,-0.068917,-1.9663
329.97,455.7,34.09,-0.43222,2.1345,-1.7023
329.47,458,34.1,-1.8985,-0.83331,2.7318
329.51,460.3,34.11,2.8286,-2.2105,-0.61803
330.33,462.6,34.12,-0.23578,2.3402,-2.1044
330.12,464.9,34.13,-2.0878,0.036441,2.0513
329.77,467.2,34.14,0.51418,-2.1859,1.6717
329.42,469.5,34.15,1.9305,0.87181,-2.8023
329.29,471.8,34.16,-2.8645,2.269,0.59553
330.48,474.1,34.17,0.24162,-2.3898,2.1481
330.39,476.4,34.18,2.1542,-0.053109,-2.1011
329.89,478.7,34.19,-0.5451,2.2531,-1.708
329.66,481,34.2,-1.9764,-0.85448,2.8309
329.94,483.3,34.21,2.9359,-2.3256,-0.61027
330.62,485.6,34.22,-0.18107,2.4345,-2.2534
330.71,487.9,34.23,-2.2185,0.084357,2.1341
329.82,490.2,34.24,0.58199,-2.3573,1.7753
329.24,492.5,34.25,1.9785,0.91251,-2.891
329.44,494.8,34.26,-3.0163,2.3556,0.66076
330.15,497.1,34.27,0.22596,-2.509,2.283
330.48,499.4,34.28,2.2449,-0.055136,-2.1897
329.67,501.7,34.29,-0.69132,2.4107,-1.7194
329.04,504,34.3,-2.0002,-0.95412,2.9543
329.47,506.3,34.31,3.0695,-2.3906,-0.67893
330.26,508.6,34.32,-0.23963,2.5872,-2.3476
330.25,510.9,34.33,-2.3286,0.098692,2.2299
329.84,513.2,34.34,0.74532,-2.4432,1.6979
329.37,515.5,34.35,2.0779,0.9432,-3.0211
329.69,517.8,34.36,-3.096,2.4742,0.62177
330.51,520.1,34.37,0.25745,-2.7001,2.4426
330.49,522.4,34.38,2.3631,-0.17095,-2.1922
330.29,524.7,34.39,-0.76394,2.5394,-1.7754
329.69,527,34.4,-2.1194,-0.94102,3.0604
329.76,529.3,34.41,3.2002,-2.5668,-0.63332
330.37,531.6,34.42,-0.2396,2.7291,-2.4895
330.75,533.9,34.43,-2.4332,0.15701,2.2762
330.14,536.2,34.44,0.84322,-2.6106,1.7674
329.58,538.5,34.45,2.111,1.004,-3.115
330.04,540.8,34.46,-3.2397,2.5761,0.66358
330.86,543.1,34.47,0.19276,-2.7638,2.571
331.28,545.4,34.48,2.5229,-0.19224,-2.3307
330.51,547.7,34.49,-0.82149,2.6744,-1.8529
329.9,550,34.5,-2.1532,-1.054,3.2072
329.98,552.3,34.51,3.3099,-2.6252,-0.68466
330.82,554.6,34.52,-0.22122,2.8375,-2.6163
330.92,556.9,34.53,-2.588,0.15476,2.4333
330.55,559.2,34.54,0.86052,-2.6903,1.8298
330.06,561.5,34.55,2.2048,1.0531,-3.2579
330,563.8,34.56,-3.3688,2.7049,0.66388
330.79,566.1,34.57,0.24076,-2.9298,2.6891
330.85,568.4,34.58,2.6331,-0.20226,-2.4308
330.55,570.7,34.59,-1.0313,2.7664,-1.7351
330.2,573,34.6,-2.2586,-1.0426,3.3013
330.22,575.3,34.61,3.4301,-2.7722,-0.65794
331.17,577.6,34.62,-0.17831,2.9316,-2.7533
331.34,579.9,34.63,-2.7273,0.20146,2.5258
330.67,582.2,34.64,1.0315,-2.8233,1.7918
330.26,584.5,34.65,2.3248,1.0471,-3.3719
330.5,586.8,34.66,-3.4699,2.8267,0.64325
331.23,589.1,34.67,0.17735,-3.018,2.8406
331.72,591.4,34.68,2.7642,-0.20455,-2.5597
330.97,593.7,34.69,-1.0875,2.908,-1.8205
330.59,596,34.7,-2.3502,-1.1037,3.4539
330.49,598.3,34.71,3.5325,-2.8425,-0.68997
331.39,600.6,34.72,-0.23412,3.0894,-2.8553
331.6,602.9,34.73,-2.8491,0.27989,2.5692
330.94,605.2,34.74,1.1355,-2.9999,1.8645
330.23,607.5,34.75,2.4042,1.0962,-3.5004
330.46,609.8,34.76,-3.6043,2.8726,0.73175
331.3,612.1,34.77,0.2538,-3.1641,2.9103
331.77,614.4,34.78,2.8895,-0.29788,-2.5917
331.15,616.7,34.79,-1.22,3.0623,-1.8423
330.37,619,34.8,-2.4528,-1.1095,3.5623
330.55,621.3,34.81,3.6581,-2.941,-0.7171
331.29,623.6,34.82,-0.26744,3.2437,-2.9763
331.27,625.9,34.83,-2.9563,0.28587,2.6704
330.96,628.2,34.84,1.2527,-3.0987,1.846
330.75,630.5,34.85,2.4975,1.1076,-3.6052
330.72,632.8,34.86,-3.7357,3.0312,0.70453
331.21,635.1,34.87,0.2811,-3.3361,3.055
331.56,637.4,34.88,2.984,-0.32734,-2.6567
331.25,639.7,34.89,-1.3321,3.1731,-1.841
330.58,642,34.9,-2.582,-1.0812,3.6632
331.01,644.3,34.91,3.7649,-3.0475,-0.71739
331.76,646.6,34.92,-0.20042,3.3471,-3.1466
332.11,648.9,34.93,-3.0916,0.39709,2.6945
331.68,651.2,34.94,1.3505,-3.2569,1.9064
331,653.5,34.95,2.585,1.1416,-3.7266
331.08,655.8,34.96,-3.8381,3.1472,0.69093
331.94,658.1,34.97,0.21715,-3.4123,3.1952
332.22,660.4,34.98,3.1537,-0.41151,-2.7422
332.04,662.7,34.99,-1.3704,3.3007,-1.9303
331.65,665,35,-2.6549,-1.1209,3.7757
331.32,666.29,35.01,3.9272,-3.2562,-0.67096
331.85,667.58,35.02,-0.25518,3.498,-3.2428
331.99,668.87,35.03,-3.1838,0.41765,2.7661
331.78,670.16,35.04,1.5124,-3.3581,1.8457
330.91,671.45,35.05,2.6607,1.1622,-3.8229
330.75,672.74,35.06,-3.9369,3.2276,0.70928
331.47,674.03,35.07,0.24871,-3.5172,3.2685
332.18,675.32,35.08,3.1944,-0.40444,-2.7899
331.99,676.61,35.09,-1.5844,3.3934,-1.809
330.72,677.9,35.1,-2.7075,-1.1681,3.8756
330.86,679.19,35.11,3.9643,-3.2226,-0.74168
331.62,680.48,35.12,-0.20742,3.5277,-3.3203
332.08,681.77,35.13,-3.2652,0.3844,2.8808
331.38,683.06,35.14,1.5903,-3.4165,1.8263
331.1,684.35,35.15,2.6831,1.1903,-3.8733
331.09,685.64,35.16,-4.0097,3.2644,0.74525
331.91,686.93,35.17,0.22628,-3.5756,3.3494
332.37,688.22,35.18,3.2811,-0.41967,-2.8615
331.98,689.51,35.19,-1.619,3.4804,-1.8613
331.31,690.8,35.2,-2.7392,-1.1581,3.8973
331.72,692.09,35.21,4.0325,-3.312,-0.72044
332.41,693.38,35.22,-0.17644,3.5992,-3.4227
332.41,694.67,35.23,-3.343,0.41895,2.924
332.05,695.96,35.24,1.6427,-3.4933,1.8506
331.19,697.25,35.25,2.7828,1.1717,-3.9545
331.24,698.54,35.26,-4.092,3.3282,0.76377
331.89,699.83,35.27,0.19553,-3.6232,3.4277
332.3,701.12,35.28,3.3578,-0.39491,-2.9629
331.92,702.41,35.29,-1.6628,3.5353,-1.8726
331.34,703.7,35.3,-2.7977,-1.1697,3.9674
331.63,704.99,35.31,4.1058,-3.3783,-0.7275
332.29,706.28,35.32,-0.15498,3.6531,-3.4981
332.62,707.57,35.33,-3.3953,0.43453,2.9608
332.08,708.86,35.34,1.6492,-3.5848,1.9356
331.18,710.15,35.35,2.842,1.1787,-4.0207
331.17,711.44,35.36,-4.1598,3.3937,0.76618
331.96,712.73,35.37,0.2005,-3.6929,3.4924
332.34,714.02,35.38,3.4267,-0.42786,-2.9988
331.73,715.31,35.39,-1.758,3.6014,-1.8434
331.01,716.6,35.4,-2.8424,-1.2094,4.0518
331.17,717.89,35.41,4.192,-3.4085,-0.78347
331.89,719.18,35.42,-0.21366,3.749,-3.5353
332.28,720.47,35.43,-3.4462,0.3955,3.0507
331.64,721.76,35.44,1.8344,-3.6163,1.7818
331.1,723.05,35.45,2.8537,1.202,-4.0557
331.09,724.34,35.46,-4.213,3.4733,0.73969
332.05,725.63,35.47,0.19373,-3.7576,3.5639
332.35,726.92,35.48,3.5104,-0.43025,-3.0802
331.52,728.21,35.49,-1.8731,3.6777,-1.8046
331.24,729.5,35.5,-2.8666,-1.1899,4.0565
331.46,730.79,35.51,4.2712,-3.5242,-0.74698
332,732.08,35.52,-0.20684,3.8303,-3.6234
332.14,733.37,35.53,-3.5201,0.47032,3.0497
331.86,734.66,35.54,1.8736,-3.6942,1.8206
331.4,735.95,35.55,2.9315,1.2009,-4.1323
331.2,737.24,35.56,-4.3241,3.549,0.7751
332.15,738.53,35.57,0.19213,-3.8139,3.6218
332.7,739.82,35.58,3.574,-0.51093,-3.0631
332.27,741.11,35.59,-1.8396,3.7481,-1.9084
331.59,742.4,35.6,-3.0024,-1.1534,4.1558
331.59,743.69,35.61,4.351,-3.5931,-0.75791
332.33,744.98,35.62,-0.18826,3.8753,-3.687
332.42,746.27,35.63,-3.6149,0.49385,3.1211
331.92,747.56,35.64,1.9164,-3.7803,1.8638
331.42,748.85,35.65,2.9941,1.2113,-4.2054
331.11,750.14,35.66,-4.381,3.6125,0.76858
331.97,751.43,35.67,0.2103,-3.9043,3.694
332.53,752.72,35.68,3.6197,-0.47734,-3.1424
331.76,754.01,35.69,-1.9308,3.8363,-1.9056
331.05,755.3,35.7,-3.0064,-1.214,4.2204
331.2,756.59,35.71,4.4011,-3.6215,-0.77955
332.17,757.88,35.72,-0.21744,3.9542,-3.7368
332.65,759.17,35.73,-3.6644,0.53296,3.1314
332.32,760.46,35.74,1.9408,-3.8722,1.9314
331.27,761.75,35.75,3.0532,1.2196,-4.2728
331.57,763.04,35.76,-4.4257,3.6352,0.79054
332.31,764.33,35.77,0.18123,-3.9798,3.7985
332.97,765.62,35.78,3.6921,-0.52274,-3.1694
332.47,766.91,35.79,-2.0026,3.9022,-1.8997
331.5,768.2,35.8,-3.059,-1.2547,4.3137
331.51,769.49,35.81,4.4605,-3.6348,-0.82571
332.1,770.78,35.82,-0.22009,4.0058,-3.7857
332.75,772.07,35.83,-3.7401,0.54463,3.1955
332.71,773.36,35.84,2.0056,-3.9471,1.9415
331.54,774.65,35.85,3.0989,1.2657,-4.3646
331.47,775.94,35.86,-4.5061,3.6722,0.83387
332.24,777.23,35.87,0.25427,-4.0527,3.7984
333.14,778.52,35.88,3.7739,-0.53681,-3.2371
332.43,779.81,35.89,-2.0944,3.9992,-1.9048
331.44,781.1,35.9,-3.1405,-1.243,4.3834
331.32,782.39,35.91,4.5494,-3.7521,-0.79725
332.55,783.68,35.92,-0.21566,4.079,-3.8634
333,784.97,35.93,-3.8362,0.57981,3.2564
332.55,786.26,35.94,2.1197,-4.0034,1.8837
331.77,787.55,35.95,3.147,1.2688,-4.4158
331.75,788.84,35.96,-4.5563,3.7362,0.82006
332.74,790.13,35.97,0.22663,-4.1205,3.8939
333.27,791.42,35.98,3.8715,-0.59684,-3.2747
332.84,792.71,35.99,-2.1101,4.0508,-1.9407
332.3,794,36,-3.2041,-1.2367,4.4408
332.38,794.82,36.01,4.5842,-3.8136,-0.77067
333.46,795.64,36.02,-0.15407,4.1076,-3.9535
333.9,796.46,36.03,-3.94,0.65989,3.2801
333.26,797.28,36.04,2.1023,-4.083,1.9807
332.44,798.1,36.05,3.2652,1.2084,-4.4736
332.1,798.92,36.06,-4.646,3.8409,0.80508
332.77,799.74,36.07,0.20822,-4.1598,3.9516
333.37,800.56,36.08,3.9045,-0.56611,-3.3384
332.91,801.38,36.09,-2.1524,4.1044,-1.9521
332.1,802.2,36.1,-3.2475,-1.2456,4.4931
332,803.02,36.11,4.6498,-3.833,-0.81684
332.9,803.84,36.12,-0.20207,4.175,-3.973
333.38,804.66,36.13,-3.9434,0.59611,3.3473
333.07,805.48,36.14,2.1498,-4.1204,1.9705
332.29,806.3,36.15,3.2863,1.2452,-4.5315
331.82,807.12,36.16,-4.7039,3.8656,0.83825
332.63,807.94,36.17,0.22263,-4.1976,3.975
333.42,808.76,36.18,3.949,-0.5558,-3.3932
332.77,809.58,36.19,-2.2241,4.1715,-1.9473
331.69,810.4,36.2,-3.2719,-1.2602,4.5321
331.93,811.22,36.21,4.6874,-3.8379,-0.84953
332.84,812.04,36.22,-0.2095,4.2358,-4.0263
333.23,812.86,36.23,-3.9869,0.59666,3.3903
332.75,813.68,36.24,2.2058,-4.1745,1.9686
331.98,814.5,36.25,3.2662,1.2834,-4.5496
331.93,815.32,36.26,-4.7286,3.8466,0.88197
332.84,816.14,36.27,0.20422,-4.2435,4.0393
333.43,816.96,36.28,4.0059,-0.62184,-3.3841
332.65,817.78,36.29,-2.2154,4.2257,-2.0103
331.86,818.6,36.3,-3.2723,-1.286,4.5583
332.16,819.42,36.31,4.7373,-3.8599,-0.87736
332.76,820.24,36.32,-0.24059,4.3346,-4.0941
333,821.06,36.33,-3.9968,0.62536,3.3714
332.79,821.88,36.34,2.2402,-4.2293,1.9892
331.89,822.7,36.35,3.2996,1.2797,-4.5793
331.79,823.52,36.36,-4.8046,3.8834,0.92126
332.61,824.34,36.37,0.24024,-4.3032,4.0629
333.33,825.16,36.38,4.034,-0.61994,-3.4141
332.66,825.98,36.39,-2.2703,4.2622,-1.9919
331.97,826.8,36.4,-3.3009,-1.29,4.5909
331.96,827.62,36.41,4.8139,-3.9154,-0.8985
332.77,828.44,36.42,-0.20633,4.3109,-4.1045
333.55,829.26,36.43,-4.0636,0.65495,3.4086
333.11,830.08,36.44,2.2382,-4.2762,2.038
332.59,830.9,36.45,3.3695,1.2432,-4.6127
332.29,831.72,36.46,-4.8366,3.9897,0.84687
333.06,832.54,36.47,0.17449,-4.3103,4.1359
333.76,833.36,36.48,4.1058,-0.66521,-3.4406
332.9,834.18,36.49,-2.2886,4.3164,-2.0278
331.95,835,36.5,-3.3591,-1.2901,4.6492
332.14,835.82,36.51,4.8354,-3.9467,-0.88876
332.99,836.64,36.52,-0.22245,4.3904,-4.168
333.22,837.46,36.53,-4.1153,0.64957,3.4658
332.94,838.28,36.54,2.3081,-4.3045,1.9964
331.96,839.1,36.55,3.3924,1.2933,-4.6857
331.99,839.92,36.56,-4.848,3.9642,0.88388
332.9,840.74,36.57,0.21845,-4.3998,4.1814
333.46,841.56,36.58,4.1261,-0.66387,-3.4622
333.29,842.38,36.59,-2.2905,4.3341,-2.0435
332.49,843.2,36.6,-3.4466,-1.2431,4.6897
332.73,844.02,36.61,4.8542,-4.0328,-0.82147
333.4,844.84,36.62,-0.16738,4.4266,-4.2592
333.84,845.66,36.63,-4.1577,0.67921,3.4785
333.34,846.48,36.64,2.3239,-4.375,2.0511
332.46,847.3,36.65,3.4484,1.281,-4.7294
332.36,848.12,36.66,-4.9039,4.022,0.88191
332.95,848.94,36.67,0.20108,-4.449,4.2479
333.47,849.76,36.68,4.1728,-0.65307,-3.5198
333.03,850.58,36.69,-2.3543,4.3898,-2.0355
332.31,851.4,36.7,-3.3932,-1.3623,4.7555
332,852.22,36.71,4.9175,-4.0351,-0.88238
332.88,853.04,36.72,-0.22119,4.4662,-4.245
333.49,853.86,36.73,-4.1904,0.61396,3.5764
333.04,854.68,36.74,2.3623,-4.4002,2.0379
332.26,855.5,36.75,3.4236,1.3242,-4.7478
332.16,856.32,36.76,-4.9701,4.0585,0.91161
332.82,857.14,36.77,0.19388,-4.4597,4.2658
333.58,857.96,36.78,4.2187,-0.62493,-3.5938
333.06,858.78,36.79,-2.3637,4.4302,-2.0666
332.42,859.6,36.8,-3.4417,-1.3266,4.7683
332.42,860.42,36.81,4.9733,-4.093,-0.88039
333.37,861.24,36.82,-0.15139,4.4541,-4.3027
333.96,862.06,36.83,-4.2771,0.65769,3.6194
333.05,862.88,36.84,2.4078,-4.4703,2.0626
332.44,863.7,36.85,3.4548,1.3259,-4.7807
332.38,864.52,36.86,-4.9863,4.1222,0.86408
333.03,865.34,36.87,0.20523,-4.5395,4.3343
333.52,866.16,36.88,4.2505,-0.64318,-3.6074
333.27,866.98,36.89,-2.4197,4.471,-2.0513
332.4,867.8,36.9,-3.4862,-1.347,4.8333
332.1,868.62,36.91,5.022,-4.1238,-0.89828
333,869.44,36.92,-0.21043,4.5378,-4.3273
333.53,870.26,36.93,-4.2905,0.6468,3.6437
333.19,871.08,36.94,2.4576,-4.482,2.0244
332.43,871.9,36.95,3.5019,1.3416,-4.8435
332.39,872.72,36.96,-5.0236,4.1488,0.87487
333.39,873.54,36.97,0.19172,-4.565,4.3733
333.84,874.36,36.98,4.318,-0.68493,-3.6331
333.51,875.18,36.99,-2.4744,4.5277,-2.0534
332.47,876,37,-3.5,-1.3687,4.8686
332.52,876.41,37,5.049,-4.169,-0.88004
333.27,876.82,37,-0.167,4.5707,-4.4037
333.97,877.23,37,-4.3267,0.68307,3.6436
333.65,877.64,37,2.4625,-4.5404,2.0779
332.51,878.05,37,3.519,1.3856,-4.9046
332.22,878.46,37,-5.092,4.167,0.92491
333.14,878.87,37,0.18211,-4.5665,4.3843
333.99,879.28,37,4.3417,-0.67563,-3.6661
333.27,879.69,37,-2.5173,4.6024,-2.0851
331.74,880.1,37,-3.4909,-1.38,4.8709
332.46,880.51,37,5.0389,-4.1208,-0.91809
333.18,880.92,37,-0.16756,4.6129,-4.4454
333.6,881.33,37,-4.3468,0.69805,3.6487
333.21,881.74,37,2.4536,-4.5214,2.0678
332.37,882.15,37,3.5142,1.3863,-4.9005
331.97,882.56,37,-5.1419,4.2011,0.94081
332.61,882.97,37,0.17235,-4.5702,4.3978
334.18,883.38,37,4.3287,-0.65123,-3.6775
333.29,883.79,37,-2.5188,4.6535,-2.1347
332.11,884.2,37,-3.5121,-1.3414,4.8535
332.46,884.61,37,5.0958,-4.1994,-0.89638
332.95,885.02,37,-0.19495,4.6545,-4.4595
333.52,885.43,37,-4.3398,0.69647,3.6433
333.13,885.84,37,2.5319,-4.603,2.0711
331.95,886.25,37,3.5158,1.3832,-4.899
332.06,886.66,37,-5.1395,4.1828,0.95663
332.63,887.07,37,0.21369,-4.653,4.4393
333.43,887.48,37,4.3458,-0.67792,-3.6678
333.35,887.89,37,-2.4621,4.5487,-2.0866
332.47,888.3,37,-3.5577,-1.3928,4.9504
332.22,888.71,37,5.1118,-4.2273,-0.88446
333.13,889.12,37,-0.20161,4.6708,-4.4692
333.64,889.53,37,-4.3736,0.71936,3.6543
333.31,889.94,37,2.5003,-4.6092,2.1089
332.37,890.35,37,3.5539,1.3906,-4.9445
332.24,890.76,37,-5.1483,4.2317,0.91659
332.93,891.17,37,0.1801,-4.6534,4.4733
333.7,891.58,37,4.3892,-0.70201,-3.6872
333.18,891.99,37,-2.532,4.6121,-2.08
332.35,892.4,37,-3.5389,-1.4119,4.9508
332.01,892.81,37,5.1645,-4.2457,-0.91881
332.95,893.22,37,-0.22517,4.6818,-4.4566
333.51,893.63,37,-4.4085,0.71314,3.6954
333.13,894.04,37,2.5543,-4.6185,2.0642
332.28,894.45,37,3.5462,1.41,-4.9562
332.14,894.86,37,-5.1645,4.2506,0.91386
333.11,895.27,37,0.20366,-4.6841,4.4804
333.78,895.68,37,4.4209,-0.74293,-3.678
333.6,896.09,37,-2.6136,4.6463,-2.0327
332.08,896.5,37,-3.605,-1.3622,4.9672
332.41,896.91,37,5.1547,-4.2381,-0.9166
333.33,897.32,37,-0.23857,4.7032,-4.4647
333.58,897.73,37,-4.4548,0.73588,3.719
333.23,898.14,37,2.5374,-4.6248,2.0874
332.45,898.55,37,3.5824,1.4416,-5.024
332.18,898.96,37,-5.1876,4.1991,0.98853
332.86,899.37,37,0.18419,-4.7017,4.5175
334.11,899.78,37,4.4156,-0.69795,-3.7177
333.24,900.19,37,-2.5206,4.686,-2.1654
332.64,900.6,37,-3.5879,-1.4009,4.9888
332.64,901.01,37,5.2268,-4.2382,-0.98857
333.07,901.42,37,-0.24041,4.7376,-4.4972
333.8,901.83,37,-4.4481,0.72411,3.724
333.58,902.24,37,2.589,-4.6584,2.0695
332.58,902.65,37,3.6329,1.3814,-5.0143
332.72,903.06,37,-5.2159,4.2402,0.97568
333.29,903.47,37,0.22677,-4.7471,4.5203
334,903.88,37,4.4646,-0.76135,-3.7033
333.66,904.29,37,-2.6203,4.7225,-2.1022
332.66,904.7,37,-3.6109,-1.3927,5.0036
332.8,905.11,37,5.2319,-4.2634,-0.96855
333.48,905.52,37,-0.20428,4.7331,-4.5288
334.1,905.93,37,-4.5071,0.78151,3.7256
333.61,906.34,37,2.607,-4.7256,2.1186
332.74,906.75,37,3.6132,1.4248,-5.038
332.63,907.16,37,-5.2449,4.275,0.9699
333.45,907.57,37,0.24608,-4.7614,4.5154
333.91,907.98,37,4.5194,-0.75095,-3.7685
333.41,908.39,37,-2.6036,4.7126,-2.1089
332.85,908.8,37,-3.6056,-1.4414,5.047
332.61,909.21,37,5.2478,-4.2982,-0.94958
333.43,909.62,37,-0.23615,4.7673,-4.5312
334.03,910.03,37,-4.5238,0.76637,3.7574
333.63,910.44,37,2.5965,-4.733,2.1365
332.79,910.85,37,3.6411,1.4151,-5.0562
332.68,911.26,37,-5.252,4.3039,0.94814
333.52,911.67,37,0.26077,-4.8061,4.5454
333.96,912.08,37,4.5288,-0.78518,-3.7436
333.65,912.49,37,-2.5957,4.7352,-2.1394
332.94,912.9,37,-3.6335,-1.4302,5.0637
332.49,913.31,37,5.2939,-4.3283,-0.96563
333.28,913.72,37,-0.22495,4.7636,-4.5387
334.38,914.13,37,-4.5353,0.76713,3.7682
333.69,914.54,37,2.7558,-4.7914,2.0355
332.45,914.95,37,3.6383,1.4164,-5.0547
332.72,915.36,37,-5.26,4.2973,0.96269
333.68,915.77,37,0.20165,-4.7794,4.5778
334.15,916.18,37,4.5792,-0.80806,-3.7711
333.49,916.59,37,-2.7078,4.7775,-2.0698
332.8,917,37,-3.6547,-1.4167,5.0715
332.89,917.11,37,5.288,-4.3347,-0.95338
333.49,917.22,37,-0.24244,4.8384,-4.5959
334.03,917.33,37,-4.5406,0.78345,3.7572
333.81,917.44,37,2.7291,-4.7558,2.0268
332.84,917.55,37,3.6794,1.4044,-5.0838
332.71,917.66,37,-5.2937,4.3417,0.95197
333.39,917.77,37,0.1956,-4.7876,4.5919
334.31,917.88,37,4.5604,-0.78983,-3.7706
333.79,917.99,37,-2.7658,4.8067,-2.0409
332.48,918.1,37,-3.6619,-1.4222,5.0841
332.76,918.21,37,5.2722,-4.3052,-0.96692
333.75,918.32,37,-0.21791,4.8133,-4.5954
334.09,918.43,37,-4.5874,0.80845,3.7789
333.51,918.54,37,2.7037,-4.7826,2.079
332.95,918.65,37,3.6686,1.4118,-5.0804
332.95,918.76,37,-5.3215,4.3524,0.96908
333.51,918.87,37,0.22328,-4.8207,4.5974
334.14,918.98,37,4.5671,-0.80655,-3.7605
333.72,919.09,37,-2.7191,4.7975,-2.0784
332.8,919.2,37,-3.6618,-1.4298,5.0917
332.68,919.31,37,5.3092,-4.3389,-0.97032
333.53,919.42,37,-0.21359,4.8026,-4.589
334.26,919.53,37,-4.5851,0.81824,3.7668
334.02,919.64,37,2.7426,-4.7964,2.0537
332.71,919.75,37,3.6988,1.4113,-5.1101
332.62,919.86,37,-5.3015,4.3291,0.97241
333.59,919.97,37,0.22789,-4.8176,4.5897
334.2,920.08,37,4.5855,-0.81849,-3.7671
333.81,920.19,37,-2.7506,4.7935,-2.0429
332.85,920.3,37,-3.6845,-1.4015,5.086
332.73,920.41,37,5.3247,-4.3548,-0.96985
333.53,920.52,37,-0.22822,4.818,-4.5898
334.15,920.63,37,-4.5882,0.82156,3.7666
333.81,920.74,37,2.7508,-4.797,2.0462
332.87,920.85,37,3.6909,1.4016,-5.0924
332.78,920.96,37,-5.3263,4.3579,0.96835
333.62,921.07,37,0.22684,-4.8208,4.5939
334.22,921.18,37,4.5912,-0.80067,-3.7906
333.63,921.29,37,-2.7432,4.7958,-2.0526
332.98,921.4,37,-3.6723,-1.4097,5.082
332.82,921.51,37,5.3076,-4.3809,-0.92666
333.66,921.62,37,-0.22132,4.8323,-4.611
334.21,921.73,37,-4.5909,0.81718,3.7737
333.78,921.84,37,2.7454,-4.8046,2.0591
332.86,921.95,37,3.688,1.4226,-5.1106
332.66,922.06,37,-5.3172,4.3596,0.95759
333.56,922.17,37,0.21416,-4.8182,4.604
334.39,922.28,37,4.5896,-0.80057,-3.789
333.72,922.39,37,-2.7373,4.8134,-2.0761
333.02,922.5,37,-3.6793,-1.4155,5.0948
332.73,922.61,37,5.3308,-4.3841,-0.94668
333.57,922.72,37,-0.22047,4.8241,-4.6037
334.3,922.83,37,-4.5968,0.81133,3.7854
333.77,922.94,37,2.7366,-4.8107,2.0742
333.03,923.05,37,3.692,1.4167,-5.1087
332.78,923.16,37,-5.3249,4.3835,0.9415
333.7,923.27,37,0.22183,-4.8328,4.611
334.36,923.38,37,4.6001,-0.82211,-3.778
333.94,923.49,37,-2.732,4.8105,-2.0785
333.14,923.6,37,-3.7098,-1.4013,5.1111
332.99,923.71,37,5.3166,-4.3511,-0.96558
333.61,923.82,37,-0.20184,4.8461,-4.6442
334.22,923.93,37,-4.5982,0.82351,3.7746
333.95,924.04,37,2.7406,-4.8113,2.0707
333.08,924.15,37,3.7169,1.4033,-5.1203
332.72,924.26,37,-5.3244,4.3501,0.97433
333.57,924.37,37,0.22719,-4.8476,4.6204
334.33,924.48,37,4.5903,-0.81877,-3.7716
334.04,924.59,37,-2.7694,4.8254,-2.056
332.89,924.7,37,-3.6953,-1.4196,5.1149
332.84,924.81,37,5.3204,-4.3791,-0.94134
333.73,924.92,37,-0.23322,4.8673,-4.634
334.21,925.03,37,-4.5991,0.81125,3.7878
333.93,925.14,37,2.7807,-4.8165,2.0359
332.85,925.25,37,3.722,1.4025,-5.1245
332.75,925.36,37,-5.3197,4.3771,0.94258
333.81,925.47,37,0.21833,-4.8453,4.627
334.22,925.58,37,4.6263,-0.80744,-3.8189
333.6,925.69,37,-2.7446,4.8173,-2.0727
333.15,925.8,37,-3.6894,-1.4195,5.1089
332.81,925.91,37,5.3693,-4.4108,-0.95844
333.38,926.02,37,-0.2219,4.8461,-4.6242
334.36,926.13,37,-4.5861,0.8115,3.7746
334.06,926.24,37,2.7713,-4.8427,2.0714
332.87,926.35,37,3.7018,1.4311,-5.133
332.75,926.46,37,-5.3447,4.382,0.96271
333.68,926.57,37,0.23286,-4.8616,4.6287
334.35,926.68,37,4.6074,-0.80857,-3.7988
334.03,926.79,37,-2.7544,4.8268,-2.0723
332.98,926.9,37,-3.7339,-1.4093,5.1432
332.68,927.01,37,5.3409,-4.3898,-0.95113
333.58,927.12,37,-0.21655,4.8522,-4.6356
334.3,927.23,37,-4.616,0.83017,3.7858
333.95,927.34,37,2.7904,-4.8424,2.052
332.84,927.45,37,3.728,1.405,-5.133
332.73,927.56,37,-5.35,4.3834,0.96663
333.69,927.67,37,0.22915,-4.8595,4.6304
334.43,927.78,37,4.6153,-0.81593,-3.7993
333.92,927.89,37,-2.7851,4.8537,-2.0686
333.02,928,37,-3.6978,-1.4307,5.1286
332.84,927.91,37,5.3593,-4.4057,-0.95352
333.54,927.82,37,-0.217,4.8608,-4.6438
334.25,927.73,37,-4.61,0.83208,3.7779
334.03,927.64,37,2.7569,-4.8469,2.0899
333.17,927.55,37,3.708,1.4281,-5.1362
332.91,927.46,37,-5.3515,4.3741,0.9774
333.7,927.37,37,0.2107,-4.8575,4.6468
334.29,927.28,37,4.6212,-0.81505,-3.8062
333.79,927.19,37,-2.7887,4.8372,-2.0485
333.01,927.1,37,-3.6846,-1.4271,5.1118
332.94,927.01,37,5.3395,-4.3647,-0.97481
333.68,926.92,37,-0.21399,4.8662,-4.6522
334.23,926.83,37,-4.611,0.80859,3.8024
333.77,926.74,37,2.7577,-4.8393,2.0816
333.04,926.65,37,3.709,1.4211,-5.1301
332.88,926.56,37,-5.3485,4.3995,0.94898
333.48,926.47,37,0.2223,-4.8636,4.6413
334.36,926.38,37,4.5853,-0.7921,-3.7932
333.9,926.29,37,-2.784,4.8413,-2.0573
332.82,926.2,37,-3.715,-1.4096,5.1246
332.92,926.11,37,5.3418,-4.3752,-0.96656
333.59,926.02,37,-0.21977,4.8612,-4.6414
334.37,925.93,37,-4.5903,0.8003,3.79
333.93,925.84,37,2.7802,-4.835,2.0548
332.82,925.75,37,3.7171,1.4122,-5.1293
332.87,925.66,37,-5.3356,4.3702,0.96546
333.64,925.57,37,0.20251,-4.8411,4.6386
334.35,925.48,37,4.614,-0.83058,-3.7835
333.87,925.39,37,-2.7897,4.8366,-2.0468
332.89,925.3,37,-3.6815,-1.4224,5.104
332.83,925.21,37,5.3352,-4.3869,-0.9483
333.69,925.12,37,-0.22861,4.8569,-4.6283
334.28,925.03,37,-4.601,0.80462,3.7963
333.9,924.94,37,2.7621,-4.8193,2.0573
332.89,924.85,37,3.716,1.4024,-5.1184
332.71,924.76,37,-5.3246,4.3804,0.94419
333.75,924.67,37,0.22186,-4.8388,4.6169
334.42,924.58,37,4.6108,-0.80104,-3.8098
333.82,924.49,37,-2.7469,4.8145,-2.0676
333,924.4,37,-3.704,-1.4084,5.1124
332.84,924.31,37,5.3515,-4.3864,-0.96515
333.51,924.22,37,-0.22577,4.8464,-4.6207
334.25,924.13,37,-4.5861,0.81581,3.7703
333.94,924.04,37,2.7486,-4.8226,2.074
332.88,923.95,37,3.7083,1.4218,-5.1301
332.69,923.86,37,-5.3333,4.3661,0.96721
333.52,923.77,37,0.22819,-4.84,4.6118
334.29,923.68,37,4.5887,-0.80895,-3.7798
333.86,923.59,37,-2.7437,4.8176,-2.0739
333.04,923.5,37,-3.7011,-1.4034,5.1046
332.8,923.41,37,5.3558,-4.3831,-0.97274
333.39,923.32,37,-0.23363,4.8422,-4.6086
334.13,923.23,37,-4.578,0.79708,3.7809
333.73,923.14,37,2.7587,-4.8157,2.057
332.84,923.05,37,3.6881,1.4162,-5.1043
332.75,922.96,37,-5.3234,4.3664,0.95707
333.53,922.87,37,0.22669,-4.8404,4.6137
334.25,922.78,37,4.5834,-0.80724,-3.7761
333.8,922.69,37,-2.7498,4.8144,-2.0646
332.91,922.6,37,-3.6912,-1.4111,5.1023
332.78,922.51,37,5.3215,-4.3698,-0.95166
333.54,922.42,37,-0.22411,4.8372,-4.6131
334.23,922.33,37,-4.5831,0.80746,3.7757
333.77,922.24,37,2.7507,-4.8123,2.0616
332.86,922.15,37,3.6862,1.4167,-5.1029
332.7,922.06,37,-5.3215,4.3626,0.9588
333.46,921.97,37,0.23621,-4.8406,4.6044
334.12,921.88,37,4.5775,-0.79509,-3.7824
333.65,921.79,37,-2.7591,4.8062,-2.0471
332.73,921.7,37,-3.6714,-1.4291,5.1006
332.84,921.61,37,5.3112,-4.3445,-0.96675
333.65,921.52,37,-0.22235,4.8354,-4.613
334.2,921.43,37,-4.585,0.81347,3.7715
333.77,921.34,37,2.7504,-4.8041,2.0537
332.78,921.25,37,3.6818,1.4237,-5.1055
332.58,921.16,37,-5.3156,4.3492,0.96642
333.61,921.07,37,0.24693,-4.83,4.5831
334.26,920.98,37,4.5817,-0.80867,-3.773
333.73,920.89,37,-2.751,4.8076,-2.0566
332.76,920.8,37,-3.6736,-1.423,5.0966
332.84,920.71,37,5.3101,-4.3428,-0.96727
333.59,920.62,37,-0.22609,4.834,-4.6079
334.12,920.53,37,-4.5782,0.80305,3.7752
333.82,920.44,37,2.729,-4.7761,2.047
332.98,920.35,37,3.691,1.4117,-5.1028
332.67,920.26,37,-5.3164,4.3621,0.95427
333.46,920.17,37,0.21608,-4.8094,4.5934
334.29,920.08,37,4.5788,-0.81212,-3.7667
334.03,919.99,37,-2.7536,4.806,-2.0524
332.71,919.9,37,-3.6994,-1.4051,5.1045
332.67,919.81,37,5.3014,-4.3304,-0.97094
333.56,919.72,37,-0.21955,4.8138,-4.5942
334.2,919.63,37,-4.5824,0.8191,3.7633
333.76,919.54,37,2.7528,-4.7966,2.0439
332.77,919.45,37,3.6773,1.4056,-5.0829
332.74,919.36,37,-5.2965,4.3465,0.95001
333.64,919.27,37,0.24432,-4.8339,4.5896
334.17,919.18,37,4.5674,-0.80386,-3.7635
333.65,919.09,37,-2.7179,4.8028,-2.0848
332.8,919,37,-3.6748,-1.4111,5.0859
332.92,918.48,37.01,5.3051,-4.3349,-0.97015
333.42,917.96,37.02,-0.22934,4.833,-4.6036
333.95,917.44,37.03,-4.5519,0.80518,3.7468
333.89,916.92,37.04,2.6405,-4.793,2.1525
332.72,916.4,37.05,3.6658,1.4262,-5.092
332.64,915.88,37.06,-5.2649,4.3135,0.95149
333.54,915.36,37.07,0.21348,-4.7921,4.5786
334.23,914.84,37.08,4.5471,-0.79666,-3.7504
333.63,914.32,37.09,-2.7013,4.7726,-2.0714
332.69,913.8,37.1,-3.6524,-1.4098,5.0622
332.81,913.28,37.11,5.2452,-4.3068,-0.93841
333.48,912.76,37.12,-0.21124,4.7959,-4.5847
333.84,912.24,37.13,-4.5375,0.77847,3.7591
333.58,911.72,37.14,2.624,-4.7429,2.1189
332.65,911.2,37.15,3.6405,1.4147,-5.0552
332.65,910.68,37.16,-5.2471,4.2909,0.95623
333.43,910.16,37.17,0.22979,-4.7748,4.545
334.04,909.64,37.18,4.5162,-0.76699,-3.7492
333.35,909.12,37.19,-2.5996,4.7355,-2.1359
332.64,908.6,37.2,-3.6014,-1.4339,5.0353
332.42,908.08,37.21,5.2455,-4.2857,-0.95976
333.32,907.56,37.22,-0.26658,4.7769,-4.5103
333.9,907.04,37.23,-4.49,0.74688,3.7431
333.59,906.52,37.24,2.6034,-4.7096,2.1062
332.58,906,37.25,3.6182,1.4029,-5.0211
332.46,905.48,37.26,-5.2266,4.2623,0.96431
333.44,904.96,37.27,0.23084,-4.7333,4.5024
334.01,904.44,37.28,4.4982,-0.74698,-3.7512
333.37,903.92,37.29,-2.5901,4.7003,-2.1102
332.48,903.4,37.3,-3.5826,-1.4298,5.0124
332.36,902.88,37.31,5.2276,-4.2375,-0.99013
333.12,902.36,37.32,-0.26077,4.7433,-4.4825
333.69,901.84,37.33,-4.4623,0.73001,3.7323
333.25,901.32,37.34,2.5257,-4.6472,2.1215
332.58,900.8,37.35,3.5913,1.4065,-4.9978
332.36,900.28,37.36,-5.1899,4.227,0.96285
333.04,899.76,37.37,0.21717,-4.754,4.5368
333.56,899.24,37.38,4.4287,-0.71871,-3.71
333.39,898.72,37.39,-2.6168,4.6503,-2.0335
332.29,898.2,37.4,-3.5596,-1.417,4.9766
332.26,897.68,37.41,5.1755,-4.1903,-0.98516
332.86,897.16,37.42,-0.19579,4.7134,-4.5176
333.63,896.64,37.43,-4.4016,0.72202,3.6796
333.55,896.12,37.44,2.5876,-4.6532,2.0656
332.32,895.6,37.45,3.5548,1.4013,-4.9561
332.21,895.08,37.46,-5.1723,4.1818,0.99053
332.75,894.56,37.47,0.22542,-4.6693,4.4438
333.48,894.04,37.48,4.4121,-0.71615,-3.696
333.24,893.52,37.49,-2.5526,4.6169,-2.0643
332.23,893,37.5,-3.5535,-1.4055,4.959
332.08,892.48,37.51,5.1535,-4.2329,-0.92064
332.91,891.96,37.52,-0.22603,4.6923,-4.4663
333.37,891.44,37.53,-4.3882,0.70441,3.6838
332.97,890.92,37.54,2.5267,-4.6123,2.0856
332.14,890.4,37.55,3.5246,1.4118,-4.9363
331.99,889.88,37.56,-5.1579,4.2148,0.94312
332.87,889.36,37.57,0.19898,-4.6352,4.4363
333.49,888.84,37.58,4.3961,-0.70083,-3.6952
332.86,888.32,37.59,-2.5142,4.6005,-2.0862
332.19,887.8,37.6,-3.504,-1.4009,4.9049
332,887.28,37.61,5.1536,-4.2162,-0.93744
332.82,886.76,37.62,-0.21148,4.6321,-4.4206
333.51,886.24,37.63,-4.3673,0.68523,3.6821
332.9,885.72,37.64,2.5083,-4.5852,2.0768
332.06,885.2,37.65,3.4936,1.4101,-4.9037
331.75,884.68,37.66,-5.1421,4.1879,0.95419
332.49,884.16,37.67,0.24942,-4.6438,4.3943
333.47,883.64,37.68,4.3123,-0.6503,-3.662
333.06,883.12,37.69,-2.4908,4.5565,-2.0657
331.91,882.6,37.7,-3.4949,-1.4113,4.9061
331.75,882.08,37.71,5.045,-4.1587,-0.88638
333.41,881.56,37.72,-0.21153,4.591,-4.3795
333.81,881.04,37.73,-4.3814,0.72504,3.6563
332.95,880.52,37.74,2.4916,-4.574,2.0824
332.14,880,37.75,3.475,1.381,-4.8561
332.57,879.48,37.76,-5.0761,4.1691,0.90705
333.09,878.96,37.77,0.20505,-4.6249,4.4199
333.17,878.44,37.78,4.3351,-0.67421,-3.6609
332.84,877.92,37.79,-2.4794,4.4823,-2.0028
332.37,877.4,37.8,-3.453,-1.4394,4.8924
331.94,876.88,37.81,5.0453,-4.1688,-0.87656
333.2,876.36,37.82,-0.21093,4.57,-4.3591
333.55,875.84,37.83,-4.3483,0.67596,3.6724
333.29,875.32,37.84,2.4625,-4.4968,2.0343
332.43,874.8,37.85,3.4837,1.4063,-4.8899
332.12,874.28,37.86,-5.0361,4.153,0.88307
333.09,873.76,37.87,0.22072,-4.5812,4.3604
333.38,873.24,37.88,4.3142,-0.64469,-3.6695
333.04,872.72,37.89,-2.4954,4.4896,-1.9942
332.09,872.2,37.9,-3.444,-1.3961,4.8402
332.03,871.68,37.91,5.0225,-4.1242,-0.89829
332.74,871.16,37.92,-0.20234,4.5542,-4.3519
333.54,870.64,37.93,-4.2731,0.64387,3.6292
333.19,870.12,37.94,2.468,-4.5017,2.0338
332.13,869.6,37.95,3.4901,1.361,-4.8511
332.09,869.08,37.96,-5.0049,4.1043,0.90055
332.92,868.56,37.97,0.21843,-4.5535,4.3351
333.35,868.04,37.98,4.2693,-0.63568,-3.6336
333,867.52,37.99,-2.4812,4.4733,-1.9922
331.92,867,38,-3.4615,-1.365,4.8265
331.89,866.01,38,4.9821,-4.0779,-0.90415
332.99,865.02,38,-0.2069,4.5125,-4.3056
333.43,864.03,38,-4.2631,0.63199,3.6311
332.91,863.04,38,2.4109,-4.4413,2.0304
332.22,862.05,38,3.4472,1.3572,-4.8045
332.08,861.06,38,-5.0112,4.0718,0.93933
332.72,860.07,38,0.24093,-4.5101,4.2692
333.29,859.08,38,4.2143,-0.62976,-3.5846
333.15,858.09,38,-2.3808,4.4171,-2.0363
332.15,857.1,38,-3.4329,-1.3428,4.7757
331.89,856.11,38,4.9554,-4.0501,-0.90522
332.79,855.12,38,-0.22321,4.4689,-4.2457
333.17,854.13,38,-4.2115,0.61147,3.6
332.64,853.14,38,2.3859,-4.3886,2.0027
331.66,852.15,38,3.372,1.3931,-4.7651
331.69,851.16,38,-4.909,3.9758,0.93317
332.66,850.17,38,0.23754,-4.457,4.2194
333.27,849.18,38,4.1697,-0.62233,-3.5474
332.69,848.19,38,-2.3841,4.3721,-1.9879
331.93,847.2,38,-3.3527,-1.3434,4.6962
331.82,846.21,38,4.9113,-4.0148,-0.89649
332.65,845.22,38,-0.25186,4.4375,-4.1857
333.06,844.23,38,-4.144,0.64122,3.5028
332.73,843.24,38,2.3673,-4.334,1.9668
331.73,842.25,38,3.3781,1.332,-4.71
331.55,841.26,38,-4.8781,3.9569,0.92124
332.3,840.27,38,0.25688,-4.411,4.1541
333.06,839.28,38,4.0887,-0.59606,-3.4926
332.6,838.29,38,-2.3337,4.3216,-1.988
331.71,837.3,38,-3.3522,-1.3035,4.6558
331.68,836.31,38,4.8658,-3.94,-0.92579
332.24,835.32,38,-0.25638,4.3903,-4.1339
332.75,834.33,38,-4.0716,0.56929,3.5023
332.05,833.34,38,2.3587,-4.2949,1.9361
331.03,832.35,38,3.275,1.3713,-4.6462
331.14,831.36,38,-4.8407,3.8527,0.98795
331.92,830.37,38,0.28495,-4.3657,4.0807
332.64,829.38,38,4.0328,-0.57455,-3.4583
332.37,828.39,38,-2.302,4.2468,-1.9448
331.69,827.4,38,-3.2894,-1.3194,4.6088
331.69,826.41,38,4.8005,-3.888,-0.91242
332.51,825.42,38,-0.24322,4.3273,-4.0841
333,824.43,38,-4.0337,0.61624,3.4175
332.48,823.44,38,2.2843,-4.2393,1.955
331.55,822.45,38,3.2725,1.324,-4.5964
331.34,821.46,38,-4.7949,3.8468,0.94806
331.93,820.47,38,0.30609,-4.3406,4.0345
332.47,819.48,38,3.9682,-0.55401,-3.4142
332.35,818.49,38,-2.2493,4.1778,-1.9286
331.78,817.5,38,-3.2562,-1.3043,4.5605
331.79,816.51,38,4.768,-3.8431,-0.92489
332.21,815.52,38,-0.2427,4.2848,-4.0421
332.92,814.53,38,-3.9482,0.56185,3.3863
332.57,813.54,38,2.2222,-4.1959,1.9737
331.87,812.55,38,3.2432,1.2814,-4.5247
331.76,811.56,38,-4.7436,3.8314,0.91214
332.32,810.57,38,0.2348,-4.2329,3.9981
332.84,809.58,38,3.9528,-0.57102,-3.3818
332.47,808.59,38,-2.1948,4.1336,-1.9387
331.72,807.6,38,-3.2449,-1.2754,4.5203
331.57,806.61,38,4.6894,-3.8274,-0.86202
332.42,805.62,38,-0.22584,4.1922,-3.9663
332.96,804.63,38,-3.9412,0.55542,3.3858
332.63,803.64,38,2.1951,-4.0989,1.9038
331.68,802.65,38,3.2368,1.2705,-4.5073
331.76,801.66,38,-4.639,3.7918,0.84718
332.53,800.67,38,0.24268,-4.1995,3.9568
332.79,799.68,38,3.899,-0.54383,-3.3551
332.4,798.69,38,-2.2088,4.0902,-1.8815
331.27,797.7,38,-3.1826,-1.2969,4.4796
331.57,796.71,38,4.6024,-3.7319,-0.87055
332.33,795.72,38,-0.26671,4.1962,-3.9295
332.67,794.73,38,-3.8567,0.55851,3.2982
332.42,793.74,38,2.1766,-4.0697,1.8931
331.56,792.75,38,3.1621,1.2844,-4.4465
331.47,791.76,38,-4.5865,3.7427,0.84382
332.3,790.77,38,0.27013,-4.1571,3.8869
332.79,789.78,38,3.8388,-0.55884,-3.2799
332.43,788.79,38,-2.1556,4.0375,-1.8819
331.51,787.8,38,-3.1405,-1.2819,4.4225
331.49,786.81,38,4.5775,-3.7094,-0.86809
332.07,785.82,38,-0.28469,4.1452,-3.8605
332.38,784.83,38,-3.8091,0.51127,3.2978
331.75,783.84,38,2.1474,-4.0112,1.8638
331.14,782.85,38,3.069,1.3111,-4.3801
331.52,781.86,38,-4.5356,3.6624,0.87314
332.38,780.87,38,0.27905,-4.1128,3.8337
332.54,779.88,38,3.8032,-0.53574,-3.2675
332.25,778.89,38,-2.0416,3.9505,-1.9089
331.82,777.9,38,-3.1043,-1.2566,4.3609
331.32,776.91,38,4.5629,-3.7192,-0.84362
331.7,775.92,38,-0.25186,4.0878,-3.836
332.98,774.93,38,-3.6972,0.50552,3.1917
332.88,773.94,38,2.0762,-3.9607,1.8845
331.08,772.95,38,3.152,1.2457,-4.3977
330.87,771.96,38,-4.4631,3.6586,0.80444
332.45,770.97,38,0.23323,-4.0063,3.7731
333.02,769.98,38,3.7636,-0.53926,-3.2243
332.09,768.99,38,-2.1275,3.952,-1.8246
331.05,768,38,-3.0238,-1.2292,4.253
331.34,766.83,38.02,4.4834,-3.6696,-0.81374
332.17,765.66,38.04,-0.2238,4.0082,-3.7844
332.68,764.49,38.06,-3.7034,0.49102,3.2124
331.96,763.32,38.08,2.0042,-3.8711,1.8669
331.08,762.15,38.1,3.0352,1.2434,-4.2786
331.31,760.98,38.12,-4.4252,3.6187,0.80659
331.98,759.81,38.14,0.21641,-3.9821,3.7657
332.39,758.64,38.16,3.6557,-0.48368,-3.172
331.86,757.47,38.18,-1.9568,3.8559,-1.8992
330.82,756.3,38.2,-2.9883,-1.2636,4.2519
330.73,755.13,38.22,4.4265,-3.569,-0.85747
331.17,753.96,38.24,-0.26918,3.9647,-3.6955
331.87,752.79,38.26,-3.5874,0.41258,3.1748
331.33,751.62,38.28,1.9599,-3.8078,1.8479
330.61,750.45,38.3,2.9586,1.2356,-4.1942
330.85,749.28,38.32,-4.3926,3.5517,0.84088
331.5,748.11,38.34,0.23951,-3.9098,3.6703
332.07,746.94,38.36,3.5756,-0.46295,-3.1127
331.72,745.77,38.38,-1.9627,3.7936,-1.8308
330.84,744.6,38.4,-2.9601,-1.2212,4.1813
331.06,743.43,38.42,4.3474,-3.535,-0.81246
331.85,742.26,38.44,-0.21558,3.8746,-3.659
332.21,741.09,38.46,-3.5559,0.47034,3.0855
331.74,739.92,38.48,1.9466,-3.7622,1.8156
330.74,738.75,38.5,2.9372,1.2235,-4.1607
330.68,737.58,38.52,-4.3318,3.4972,0.83457
331.51,736.41,38.54,0.24364,-3.8361,3.5925
332.03,735.24,38.56,3.5267,-0.43742,-3.0893
331.38,734.07,38.58,-1.9045,3.722,-1.8174
330.67,732.9,38.6,-2.8745,-1.244,4.1185
330.45,731.73,38.62,4.3224,-3.4678,-0.85466
331.38,730.56,38.64,-0.2581,3.7913,-3.5332
332.37,729.39,38.66,-3.4747,0.40359,3.0711
331.53,728.22,38.68,1.901,-3.7221,1.821
330.79,727.05,38.7,2.8502,1.2114,-4.0617
331.06,725.88,38.72,-4.2086,3.4641,0.74452
332.04,724.71,38.74,0.19132,-3.7663,3.5749
332.22,723.54,38.76,3.496,-0.42917,-3.0668
331.31,722.37,38.78,-1.7988,3.6633,-1.8645
330.95,721.2,38.8,-2.8243,-1.2445,4.0688
331.12,720.03,38.82,4.2501,-3.4177,-0.83242
331.73,718.86,38.84,-0.243,3.756,-3.513
332.16,717.69,38.86,-3.4305,0.44533,2.9852
331.88,716.52,38.88,1.7015,-3.6386,1.9371
330.82,715.35,38.9,2.8479,1.2263,-4.0742
330.84,714.18,38.92,-4.159,3.3725,0.78654
331.91,713.01,38.94,0.22532,-3.715,3.4897
332.07,711.84,38.96,3.4256,-0.42721,-2.9984
331.54,710.67,38.98,-1.6746,3.5768,-1.9022
330.89,709.5,39,-2.802,-1.2195,4.0215
330.71,708.33,39.02,4.1684,-3.3673,-0.80105
331.75,707.16,39.04,-0.21648,3.6447,-3.4282
332.23,705.99,39.06,-3.4029,0.41139,2.9915
331.43,704.82,39.08,1.6827,-3.5639,1.8812
330.58,703.65,39.1,2.7594,1.2064,-3.9658
330.73,702.48,39.12,-4.1512,3.3158,0.83543
331.18,701.31,39.14,0.24688,-3.665,3.4181
331.74,700.14,39.16,3.3162,-0.33742,-2.9788
331.4,698.97,39.18,-1.7195,3.5323,-1.8128
330.51,697.8,39.2,-2.7271,-1.217,3.9441
330.84,696.63,39.22,4.0774,-3.2794,-0.79799
331.47,695.46,39.24,-0.22574,3.6269,-3.4012
331.83,694.29,39.26,-3.3146,0.36051,2.9541
331.51,693.12,39.28,1.6445,-3.4783,1.8338
330.75,691.95,39.3,2.7132,1.2202,-3.9334
330.89,690.78,39.32,-4.0249,3.2679,0.757
331.77,689.61,39.34,0.22567,-3.5986,3.373
331.94,688.44,39.36,3.3094,-0.41794,-2.8915
331.56,687.27,39.38,-1.644,3.4593,-1.8153
330.78,686.1,39.4,-2.6898,-1.2075,3.8973
330.93,684.93,39.42,4.0255,-3.2384,-0.78715
331.5,683.76,39.44,-0.24573,3.5831,-3.3373
331.74,682.59,39.46,-3.2551,0.35867,2.8964
331.1,681.42,39.48,1.6662,-3.4324,1.7661
330.26,680.25,39.5,2.6129,1.2381,-3.851
330.48,679.08,39.52,-3.9527,3.1815,0.77126
331.73,677.91,39.54,0.2908,-3.5628,3.272
331.85,676.74,39.56,3.2301,-0.36662,-2.8635
331.08,675.57,39.58,-1.6298,3.406,-1.7762
330.46,674.4,39.6,-2.6199,-1.18,3.7999
330.75,673.23,39.62,3.9451,-3.2193,-0.72581
331.33,672.06,39.64,-0.24548,3.5196,-3.2741
331.61,670.89,39.66,-3.1989,0.38887,2.81
331.59,669.72,39.68,1.5143,-3.3302,1.8159
330.75,668.55,39.7,2.6445,1.1919,-3.8364
330.66,667.38,39.72,-3.9553,3.1749,0.78042
331.36,666.21,39.74,0.25765,-3.4665,3.2089
331.77,665.04,39.76,3.1825,-0.38867,-2.7938
331.44,663.87,39.78,-1.5219,3.325,-1.8031
330.43,662.7,39.8,-2.5997,-1.188,3.7877
330.58,661.53,39.82,3.8891,-3.1337,-0.7554
331.5,660.36,39.84,-0.30615,3.4851,-3.179
331.49,659.19,39.86,-3.1349,0.34542,2.7895
331.03,658.02,39.88,1.4165,-3.2681,1.8516
330.69,656.85,39.9,2.5567,1.1983,-3.755
330.57,655.68,39.92,-3.8639,3.1318,0.73203
331.22,654.51,39.94,0.26661,-3.4291,3.1625
331.46,653.34,39.96,3.0974,-0.32411,-2.7733
330.88,652.17,39.98,-1.4481,3.2651,-1.8169
330.01,651,40,-2.5074,-1.2232,3.7306
329.9,648.87,40.01,3.8644,-3.0412,-0.82322
330.59,646.74,40.02,-0.33189,3.4004,-3.0685
330.85,644.61,40.03,-3.0418,0.27606,2.7658
330.43,642.48,40.04,1.396,-3.1782,1.7822
329.8,640.35,40.05,2.5161,1.1708,-3.6869
329.88,638.22,40.06,-3.7832,2.9889,0.79428
330.62,636.09,40.07,0.33469,-3.3551,3.0204
330.79,633.96,40.08,2.9794,-0.26916,-2.7102
330.28,631.83,40.09,-1.367,3.1119,-1.7449
330,629.7,40.1,-2.4499,-1.1459,3.5957
330.25,627.57,40.11,3.7238,-2.9635,-0.76036
331.05,625.44,40.12,-0.26693,3.2468,-2.9799
331.26,623.31,40.13,-2.9427,0.2681,2.6746
330.59,621.18,40.14,1.3526,-3.0875,1.7349
329.93,619.05,40.15,2.4218,1.1374,-3.5592
330.25,616.92,40.16,-3.6345,2.9031,0.73146
330.94,614.79,40.17,0.28426,-3.2232,2.9389
331.03,612.66,40.18,2.8867,-0.27054,-2.6161
330.77,610.53,40.19,-1.1759,2.988,-1.8121
330.15,608.4,40.2,-2.4027,-1.1276,3.5302
330.03,606.27,40.21,3.5874,-2.8623,-0.7251
330.74,604.14,40.22,-0.31863,3.1853,-2.8667
330.65,602.01,40.23,-2.8206,0.22193,2.5987
330.58,599.88,40.24,1.1775,-2.9426,1.7651
330,597.75,40.25,2.3438,1.1311,-3.4748
329.84,595.62,40.26,-3.5223,2.7951,0.72722
331.04,593.49,40.27,0.31209,-3.0937,2.7816
330.65,591.36,40.28,2.7923,-0.23981,-2.5525
330.57,589.23,40.29,-1.1685,2.8731,-1.7047
329.55,587.1,40.3,-2.2858,-1.1159,3.4017
329.63,584.97,40.31,3.4716,-2.7775,-0.69412
330.5,582.84,40.32,-0.27105,3.0406,-2.7695
330.42,580.71,40.33,-2.702,0.16525,2.5368
330.12,578.58,40.34,1.0774,-2.8177,1.7402
329.32,576.45,40.35,2.2469,1.0997,-3.3466
329.44,574.32,40.36,-3.4411,2.7026,0.73853
330.22,572.19,40.37,0.26546,-2.9634,2.6979
330.42,570.06,40.38,2.6311,-0.11875,-2.5124
329.89,567.93,40.39,-1.0539,2.7522,-1.6982
329.35,565.8,40.4,-2.177,-1.1059,3.2829
329.43,563.67,40.41,3.3822,-2.6546,-0.72757
330.33,561.54,40.42,-0.29081,2.931,-2.6402
330.27,559.41,40.43,-2.5901,0.12801,2.4621
329.94,557.28,40.44,0.87054,-2.6902,1.8196
329.55,555.15,40.45,2.1542,1.0777,-3.232
329.58,553.02,40.46,-3.3445,2.6195,0.72501
330.07,550.89,40.47,0.25734,-2.843,2.5857
330.3,548.76,40.48,2.5252,-0.09443,-2.4308
329.59,546.63,40.49,-0.89269,2.6586,-1.7659
329.06,544.5,40.5,-2.0605,-1.0989,3.1594
329.47,542.37,40.51,3.268,-2.5315,-0.73654
330.1,540.24,40.52,-0.2672,2.811,-2.5438
330.22,538.11,40.53,-2.4587,0.10719,2.3515
329.53,535.98,40.54,0.8751,-2.6076,1.7325
329,533.85,40.55,2.0444,1.0794,-3.1238
328.95,531.72,40.56,-3.2286,2.4959,0.73265
329.61,529.59,40.57,0.3136,-2.7624,2.4488
329.88,527.46,40.58,2.3832,-0.088466,-2.2947
329.4,525.33,40.59,-0.84794,2.5423,-1.6943
328.76,523.2,40.6,-2.0643,-1.002,3.0662
328.88,521.07,40.61,3.16,-2.4592,-0.70081
329.56,518.94,40.62,-0.31347,2.7096,-2.3961
329.57,516.81,40.63,-2.332,0.061234,2.2708
329.01,514.68,40.64,0.80448,-2.4626,1.6581
328.52,512.55,40.65,2.0037,0.99759,-3.0013
328.84,510.42,40.66,-3.1103,2.3899,0.72041
329.38,508.29,40.67,0.33765,-2.6689,2.3312
329.33,506.16,40.68,2.2634,-0.011846,-2.2516
329.03,504.03,40.69,-0.71453,2.3938,-1.6793
328.76,501.9,40.7,-1.9566,-0.97446,2.931
329.04,499.77,40.71,3.0558,-2.3605,-0.69523
329.7,497.64,40.72,-0.2795,2.5598,-2.2803
329.69,495.51,40.73,-2.228,0.023766,2.2042
329.39,493.38,40.74,0.67356,-2.3407,1.6671
328.84,491.25,40.75,1.9579,0.94713,-2.905
328.85,489.12,40.76,-3.0098,2.3026,0.70717
329.49,486.99,40.77,0.2897,-2.51,2.2203
329.57,484.86,40.78,2.1563,0.018209,-2.1745
329.4,482.73,40.79,-0.62688,2.2756,-1.6487
328.85,480.6,40.8,-1.9051,-0.94887,2.854
329.02,478.47,40.81,2.9297,-2.248,-0.68167
329.58,476.34,40.82,-0.3023,2.4747,-2.1724
329.25,474.21,40.83,-2.112,-0.028069,2.14
328.98,472.08,40.84,0.63556,-2.2138,1.5782
328.13,469.95,40.85,1.8755,0.94479,-2.8203
328.4,467.82,40.86,-2.8813,2.1511,0.73029
328.97,465.69,40.87,0.32118,-2.4079,2.0867
329.03,463.56,40.88,2.0309,0.084257,-2.1151
328.58,461.43,40.89,-0.61377,2.1722,-1.5585
328.47,459.3,40.9,-1.7882,-0.91572,2.7039
328.77,457.17,40.91,2.8473,-2.1512,-0.69606
329.37,455.04,40.92,-0.30426,2.3399,-2.0356
329.41,452.91,40.93,-1.9948,-0.028755,2.0235
328.82,450.78,40.94,0.53924,-2.1266,1.5874
328.39,448.65,40.95,1.7591,0.9027,-2.6618
328.55,446.52,40.96,-2.8013,2.0868,0.71452
328.91,444.39,40.97,0.34169,-2.315,1.9733
328.93,442.26,40.98,1.9067,0.08609,-1.9927
328.33,440.13,40.99,-0.53787,2.0777,-1.5398
327.87,438,41,-1.7477,-0.86692,2.6146
328.01,434.99,40.99,2.7434,-2.0126,-0.73086
328.53,431.98,40.98,-0.36435,2.2436,-1.8792
328.64,428.97,40.97,-1.8288,-0.12553,1.9544
328.43,425.96,40.96,0.45544,-1.9499,1.4945
328.41,422.95,40.95,1.7186,0.81147,-2.5301
328.43,419.94,40.94,-2.6828,1.9784,0.70437
328.96,416.93,40.93,0.30249,-2.1081,1.8057
328.8,413.92,40.92,1.786,0.13819,-1.9241
328.12,410.91,40.91,-0.42256,1.8818,-1.4592
327.73,407.9,40.9,-1.6327,-0.82028,2.453
327.84,404.89,40.89,2.5938,-1.9245,-0.66937
328.53,401.88,40.88,-0.32205,2.041,-1.719
328.6,398.87,40.87,-1.67,-0.19929,1.8693
328.09,395.86,40.86,0.36065,-1.8028,1.4421
327.53,392.85,40.85,1.5795,0.80683,-2.3863
328,389.84,40.84,-2.4505,1.8264,0.62407
329.01,386.83,40.83,0.31167,-1.9795,1.6678
328.66,383.82,40.82,1.6144,0.13338,-1.7478
328.23,380.81,40.81,-0.35054,1.7246,-1.3741
327.45,377.8,40.8,-1.5229,-0.80291,2.3259
327.35,374.79,40.79,2.4354,-1.7375,-0.69795
327.56,371.78,40.78,-0.41647,1.972,-1.5555
327.61,368.77,40.77,-1.4421,-0.27419,1.7163
327.66,365.76,40.76,0.31344,-1.6437,1.3303
327.1,362.75,40.75,1.4724,0.75318,-2.2256
327.28,359.74,40.74,-2.3528,1.6435,0.70926
328.06,356.73,40.73,0.35159,-1.8159,1.4643
328.01,353.72,40.72,1.4203,0.2421,-1.6624
327.42,350.71,40.71,-0.28475,1.5749,-1.2901
327.29,347.7,40.7,-1.3726,-0.74347,2.1161
327.84,344.69,40.69,2.2684,-1.6166,-0.65181
328.4,341.68,40.68,-0.30791,1.7205,-1.4126
328.42,338.67,40.67,-1.3356,-0.20796,1.5436
328.03,335.66,40.66,0.22539,-1.5028,1.2775
327.43,332.65,40.65,1.3958,0.65212,-2.0479
327.65,329.64,40.64,-2.2119,1.5423,0.6696
328.01,326.63,40.63,0.32322,-1.6429,1.3197
327.79,323.62,40.62,1.2709,0.30618,-1.5771
327.21,320.61,40.61,-0.19852,1.3903,-1.1918
327.26,317.6,40.6,-1.2868,-0.66004,1.9468
327.84,314.59,40.59,2.1002,-1.5018,-0.59839
328.27,311.58,40.58,-0.31499,1.5644,-1.2494
328.14,308.57,40.57,-1.1926,-0.27149,1.4641
327.38,305.56,40.56,0.14139,-1.3192,1.1778
327.29,302.55,40.55,1.2461,0.64909,-1.8952
327.56,299.54,40.54,-1.9959,1.4227,0.57315
328.42,296.53,40.53,0.31594,-1.4829,1.167
328.07,293.52,40.52,1.1185,0.23177,-1.3502
327.75,290.51,40.51,-0.055569,1.2264,-1.1709
327.62,287.5,40.5,-1.2628,-0.55413,1.8169
327.66,284.49,40.49,1.9567,-1.3643,-0.59236
328.14,281.48,40.48,-0.32884,1.4142,-1.0854
327.41,278.47,40.47,-1.0444,-0.2939,1.3383
326.94,275.46,40.46,0.12958,-1.1523,1.0227
326.71,272.45,40.45,1.1167,0.6238,-1.7405
326.73,269.44,40.44,-1.9132,1.2203,0.6929
327.41,266.43,40.43,0.36229,-1.3103,0.94804
327.68,263.42,40.42,0.912,0.30195,-1.214
327.29,260.41,40.41,-0.084851,1.0948,-1.0099
327.15,257.4,40.4,-1.1077,-0.52204,1.6297
327.45,254.39,40.39,1.8241,-1.2103,-0.61377
327.66,251.38,40.38,-0.34371,1.262,-0.91827
327.41,248.37,40.37,-0.84075,-0.32707,1.1678
327.18,245.36,40.36,0.035401,-1.0084,0.973
327.14,242.35,40.35,1.0504,0.48084,-1.5312
327.36,239.34,40.34,-1.7599,1.1409,0.61898
327.84,236.33,40.33,0.29876,-1.1221,0.82338
327.63,233.32,40.32,0.78228,0.35121,-1.1335
327,230.31,40.31,0.011357,0.93215,-0.94351
326.97,227.3,40.3,-1.0325,-0.42142,1.4539
327.55,224.29,40.29,1.6273,-1.0711,-0.55621
327.96,221.28,40.28,-0.32094,1.0872,-0.7663
327.57,218.27,40.27,-0.69491,-0.38498,1.0799
326.95,215.26,40.26,-0.012628,-0.84734,0.85997
326.82,212.25,40.25,0.95217,0.44678,-1.399
326.75,209.24,40.24,-1.6003,0.98253,0.61775
327.51,206.23,40.23,0.35841,-0.96361,0.6052
327.65,203.22,40.22,0.61743,0.436,-1.0534
327.07,200.21,40.21,0.094012,0.75382,-0.84783
327.22,197.2,40.2,-0.9154,-0.39053,1.3059
327.53,194.19,40.19,1.4722,-0.9354,-0.5368
328.19,191.18,40.18,-0.27414,0.87448,-0.60034
327.77,188.17,40.17,-0.54266,-0.41343,0.9561
327.18,185.16,40.16,-0.15787,-0.69277,0.85064
326.96,182.15,40.15,0.93664,0.29904,-1.2357
327.32,179.14,40.14,-1.4068,0.85912,0.54772
327.69,176.13,40.13,0.32368,-0.83799,0.51431
326.94,173.12,40.12,0.45373,0.48368,-0.9374
326.62,170.11,40.11,0.17856,0.58277,-0.76133
326.58,167.1,40.1,-0.82186,-0.31149,1.1334
327.3,164.09,40.09,1.3212,-0.75997,-0.56122
327.82,161.08,40.08,-0.29454,0.72301,-0.42847
327.54,158.07,40.07,-0.37155,-0.41915,0.7907
327.17,155.06,40.06,-0.22405,-0.53415,0.7582
326.91,152.05,40.05,0.79263,0.26434,-1.057
327.29,149.04,40.04,-1.2562,0.74858,0.50764
327.52,146.03,40.03,0.28359,-0.629,0.34541
327.45,143.02,40.02,0.27876,0.49234,-0.77111
327.46,140.01,40.01,0.26533,0.42632,-0.69165
327.51,137,40,-0.77484,-0.18938,0.96422
327.99,137,40,1.1224,-0.70284,-0.41952
328.59,137,40,-0.27268,0.61282,-0.34014
328.22,137,40,-0.26316,-0.42193,0.68509
327.97,137,40,-0.30431,-0.43778,0.74209
327.88,137,40,0.80737,0.14771,-0.95508
327.86,137,40,-1.1565,0.76051,0.39599
328.73,137,40,0.27515,-0.57111,0.29596
328.62,137,40,0.28746,0.41237,-0.69983
327.74,137,40,0.2996,0.47466,-0.77425
327.8,137,40,-0.76919,-0.13077,0.89996
328.59,137,40,1.134,-0.74757,-0.38645
328.4,137,40,-0.21472,0.60615,-0.39143
327.56,137,40,-0.26139,-0.43932,0.7007
328.29,137,40,-0.29037,-0.38766,0.67802
328.02,137,40,0.85212,0.13007,-0.98219
328.09,137,40,-1.1244,0.75699,0.36743
329.02,137,40,0.2591,-0.58237,0.32327
328.49,137,40,0.30335,0.38453,-0.68788
327.26,137,40,0.30929,0.45783,-0.76713
327.93,137,40,-0.72755,-0.15121,0.87877
328.74,137,40,1.1553,-0.769,-0.38632
328.37,137,40,-0.19216,0.58282,-0.39066
328.15,137,40,-0.20337,-0.43826,0.64163
328.3,137,40,-0.29148,-0.45087,0.74235
327.91,137,40,0.82807,0.18099,-1.0091
327.68,137,40,-1.1213,0.74635,0.37494
328.96,137,40,0.26323,-0.55905,0.29582
328.69,137,40,0.30354,0.3889,-0.69244
327.88,137,40,0.31593,0.46445,-0.78038
327.93,137,40,-0.78529,-0.12499,0.91028
328.6,137,40,1.1559,-0.75238,-0.40355
328.27,137,40,-0.21151,0.59652,-0.38501
327.99,137,40,-0.19819,-0.44911,0.6473
328.22,137,40,-0.27882,-0.44614,0.72496
327.93,137,40,0.82497,0.11748,-0.94245
328.66,137,40,-1.1167,0.73439,0.38228
328.96,137,40,0.20742,-0.58608,0.37865
327.78,137,40,0.31487,0.38668,-0.70155
327.44,137,40,0.31021,0.38873,-0.69894
328.2,137,40,-0.76559,-0.18837,0.95395
328.4,137,40,1.1293,-0.76355,-0.36576
328.58,137,40,-0.23168,0.60313,-0.37145
328.48,137,40,-0.23469,-0.42185,0.65653
328.31,137,40,-0.33355,-0.44047,0.77402
327.98,137,40,0.8336,0.18485,-1.0185
327.57,137,40,-1.1849,0.74854,0.43639
328.47,137,40,0.26598,-0.53874,0.27276
328.73,137,40,0.28665,0.44455,-0.7312
328.03,137,40,0.3495,0.4396,-0.78911
327.71,137,40,-0.82162,-0.13279,0.95442
328.49,137,40,1.1049,-0.71165,-0.39328
328.85,137,40,-0.22484,0.60585,-0.38101
328.17,137,40,-0.31419,-0.39716,0.71135
327.97,137,40,-0.32855,-0.40762,0.73617
328.14,137,40,0.8177,0.14399,-0.96169
327.99,137,40,-1.1565,0.7817,0.37477
328.46,137,40,0.269,-0.5925,0.3235
328.32,137,40,0.25802,0.44082,-0.69884
328.16,137,40,0.30777,0.44143,-0.7492
327.93,137,40,-0.82376,-0.12757,0.95133
328.02,137,40,1.1489,-0.76313,-0.38572
328.81,137,40,-0.25654,0.56858,-0.31203
328.71,137,40,-0.28434,-0.40055,0.68489
327.86,137,40,-0.30196,-0.4842,0.78615
327.09,137,40,0.7913,0.19332,-0.98461
328.12,137,40,-1.0753,0.65483,0.42047
328.97,137,40,0.24027,-0.6004,0.36013
328.49,137,40,0.26768,0.3887,-0.65639
328.33,137,40,0.32599,0.43818,-0.76416
327.94,137,40,-0.83718,-0.18522,1.0224
327.54,137,40,1.177,-0.74483,-0.43218
328.47,137,40,-0.26535,0.5425,-0.27716
328.68,137,40,-0.28714,-0.43913,0.72626
328.05,137,40,-0.34524,-0.44108,0.78632
328.28,137,40,0.81021,0.13229,-0.9425
328.48,137,40,-1.1997,0.769,0.43069
328.08,137,40,0.21634,-0.57481,0.35847
328.06,137,40,0.20302,0.47517,-0.67819
328.27,137,40,0.28718,0.44264,-0.72982
327.85,137,40,-0.82701,-0.18547,1.0125
328.17,137,40,1.0795,-0.71002,-0.36951
329.1,137,40,-0.22614,0.58566,-0.35952
328.23,137,40,-0.34416,-0.3769,0.72106
327.4,137,40,-0.35667,-0.38792,0.74459
328.33,137,40,0.76291,0.19049,-0.9534
328.31,137,40,-1.2045,0.77583,0.42867
328.07,137,40,0.2305,-0.57212,0.34162
328.59,137,40,0.22142,0.4818,-0.70322
328.14,137,40,0.33113,0.45487,-0.786
327.98,137,40,-0.81126,-0.18476,0.99602
328.19,137,40,1.0987,-0.73018,-0.36854
329.06,137,40,-0.25708,0.60372,-0.34664
328.42,137,40,-0.28728,-0.37792,0.6652
327.68,137,40,-0.33759,-0.42718,0.76476
328.15,137,40,0.77745,0.1665,-0.94395
328.15,137,40,-1.2092,0.76645,0.44275
328.37,137,40,0.23591,-0.54059,0.30468
328.93,137,40,0.26118,0.45045,-0.71163
327.84,137,40,0.29794,0.51187,-0.80981
327.12,137,40,-0.78072,-0.17441,0.95513
328.27,137,40,1.0964,-0.66807,-0.42834
328.87,137,40,-0.21785,0.58097,-0.36312
328.67,137,40,-0.26245,-0.39839,0.66084
328.27,137,40,-0.33159,-0.45308,0.78468
327.43,137,40,0.84116,0.18296,-1.0241
327.61,137,40,-1.0973,0.69491,0.40239
329,137,40,0.27341,-0.57676,0.30335
328.53,137,40,0.30014,0.37955,-0.67969
328.23,137,40,0.34672,0.42304,-0.76976
328.25,137,40,-0.8333,-0.13209,0.96538
327.94,137,40,1.2124,-0.78623,-0.42616
328.03,137,40,-0.26209,0.57091,-0.30882
328.59,137,40,-0.22602,-0.4815,0.70752
328.14,137,40,-0.33107,-0.4549,0.78597
327.98,137,40,0.81168,0.18532,-0.997
328.09,137,40,-1.1692,0.72953,0.43962
328.48,137,40,0.25767,-0.58208,0.3244
328.68,137,40,0.24819,0.43773,-0.68592
328.31,137,40,0.31921,0.46684,-0.78605
327.34,137,40,-0.84168,-0.17098,1.0127
327.69,137,40,1.1022,-0.69038,-0.41185
328.91,137,40,-0.26303,0.57594,-0.31291
328.57,137,40,-0.28917,-0.38627,0.67544
328.22,137,40,-0.34044,-0.43546,0.7759
328.22,137,40,0.82988,0.12647,-0.95635
327.99,137,40,-1.2202,0.7864,0.43375
327.98,137,40,0.25788,-0.56756,0.30968
328.64,137,40,0.22134,0.48861,-0.70995
328.11,137,40,0.33081,0.46007,-0.79088
327.38,137,40,-0.82066,-0.18573,1.0064
328.12,137,40,1.0796,-0.66984,-0.40974
329.02,137,40,-0.23098,0.58794,-0.35696
328.54,137,40,-0.27961,-0.37845,0.65806
327.71,137,40,-0.33763,-0.4422,0.77983
328.19,137,40,0.77612,0.15674,-0.93286
328.07,137,40,-1.1708,0.79431,0.37651
328.39,137,40,0.25222,-0.5765,0.32428
328.64,137,40,0.24197,0.44007,-0.68205
328.29,137,40,0.31041,0.47604,-0.78645
327.28,137,40,-0.83816,-0.17274,1.0109
327.77,137,40,1.0752,-0.68537,-0.38984
329.14,137,40,-0.26636,0.5894,-0.32303
328.19,137,40,-0.35138,-0.37118,0.72256
327.45,137,40,-0.35748,-0.38056,0.73803
328.33,137,40,0.76993,0.18929,-0.95922
328.4,137,40,-1.1247,0.77297,0.35176
328.69,137,40,0.23083,-0.5986,0.36777
328.51,137,40,0.24544,0.41074,-0.65618
328.2,137,40,0.30852,0.46444,-0.77296
327.83,137,40,-0.81915,-0.18442,1.0036
327.65,137,40,1.1298,-0.74249,-0.3873
328.87,137,40,-0.26656,0.55964,-0.29308
328.67,137,40,-0.29741,-0.40048,0.69789
327.81,137,40,-0.31045,-0.46726,0.77771
327.89,137,40,0.77804,0.12761,-0.90565
328.53,137,40,-1.1971,0.75249,0.4446
328.39,137,40,0.20465,-0.54765,0.34299
328.28,137,40,0.244,0.4465,-0.6905
328.34,137,40,0.33038,0.41969,-0.75008
327.9,137,40,-0.8418,-0.19372,1.0355
327.47,137,40,1.1671,-0.73594,-0.43116
328.74,137,40,-0.27077,0.53019,-0.25941
328.72,137,40,-0.31483,-0.41483,0.72966
327.25,137,40,-0.32707,-0.46315,0.79022
328.01,137,40,0.72158,0.16975,-0.89133
328.54,137,40,-1.1485,0.77185,0.37667
328.92,137,40,0.2078,-0.55212,0.34432
328.3,137,40,0.27754,0.39213,-0.66967
328.22,137,40,0.32136,0.42247,-0.74384
328.01,137,40,-0.83399,-0.13243,0.96642
327.98,137,40,1.1342,-0.76525,-0.36899
328.94,137,40,-0.26053,0.57259,-0.31207
328.67,137,40,-0.29405,-0.38492,0.67897
327.32,137,40,-0.30823,-0.481,0.78923
327.27,137,40,0.73997,0.16141,-0.90139
328.57,137,40,-1.1279,0.6952,0.43273
328.79,137,40,0.21836,-0.58569,0.36733
328.72,137,40,0.25377,0.40754,-0.6613
328.24,137,40,0.32848,0.46132,-0.7898
327.41,137,40,-0.83525,-0.1789,1.0141
327.63,137,40,1.1049,-0.69809,-0.40684
328.94,137,40,-0.26734,0.57098,-0.30364
328.57,137,40,-0.29768,-0.38444,0.68212
328.19,137,40,-0.34649,-0.42826,0.77474
328.26,137,40,0.82862,0.13239,-0.96101
327.94,137,40,-1.2181,0.78914,0.42895
328.01,137,40,0.26222,-0.56727,0.30505
328.62,137,40,0.22688,0.48525,-0.71213
328.1,137,40,0.33356,0.45453,-0.78809
328,137,40,-0.80752,-0.18653,0.99405
328.17,137,40,1.1012,-0.73371,-0.36748
329.05,137,40,-0.25702,0.60045,-0.34343
328.43,137,40,-0.29009,-0.37809,0.66818
327.66,137,40,-0.33969,-0.42599,0.76567
328.17,137,40,0.77565,0.16911,-0.94475
328.13,137,40,-1.2102,0.76797,0.44224
327.9,137,40,0.24414,-0.57468,0.33054
328.66,137,40,0.20478,0.49064,-0.69542
328.16,137,40,0.31859,0.47796,-0.79655
327.31,137,40,-0.82221,-0.17462,0.99683
328.29,137,40,1.053,-0.66551,-0.38752
329.25,137,40,-0.22252,0.59837,-0.37585
328.23,137,40,-0.3374,-0.36188,0.69928
327.6,137,40,-0.35263,-0.39015,0.74278
328.31,137,40,0.78208,0.17356,-0.95565
327.89,137,40,-1.2291,0.80004,0.42903
327.95,137,40,0.25904,-0.55605,0.29701
328.64,137,40,0.23308,0.48857,-0.72165
328.02,137,40,0.338,0.45495,-0.79294
328.19,137,40,-0.80124,-0.1226,0.92384
328.64,137,40,1.1427,-0.76886,-0.37384
328.53,137,40,-0.20684,0.59065,-0.38381
328.06,137,40,-0.21584,-0.42405,0.6399
328.38,137,40,-0.29667,-0.43368,0.73035
327.92,137,40,0.84018,0.18447,-1.0246
327.56,137,40,-1.1756,0.74083,0.43474
328.72,137,40,0.26253,-0.52318,0.26065
328.81,137,40,0.31232,0.41893,-0.73125
327.24,137,40,0.33112,0.46813,-0.79924
327.56,137,40,-0.73478,-0.14389,0.87867
328.76,137,40,1.1451,-0.73279,-0.41235
328.41,137,40,-0.19019,0.5849,-0.39471
328.13,137,40,-0.20306,-0.43108,0.63414
328.36,137,40,-0.28963,-0.45194,0.74157
328.05,137,40,0.83665,0.10543,-0.94207
328.24,137,40,-1.1524,0.77298,0.37943
328.91,137,40,0.23786,-0.55946,0.3216
328.7,137,40,0.29854,0.39917,-0.69771
327.79,137,40,0.31586,0.46597,-0.78183
327.33,137,40,-0.78972,-0.13383,0.92355
328.53,137,40,1.104,-0.69268,-0.41136
328.96,137,40,-0.2224,0.59462,-0.37222
328.27,137,40,-0.32296,-0.39116,0.71412
327.39,137,40,-0.34359,-0.40614,0.74973
328.25,137,40,0.75725,0.18006,-0.9373
328.48,137,40,-1.1443,0.77444,0.36982
328.54,137,40,0.22166,-0.58973,0.36807
328.6,137,40,0.23511,0.42824,-0.66335
328.1,137,40,0.30612,0.47631,-0.78242
327.23,137,40,-0.82005,-0.18531,1.0054
328.13,137,40,1.0827,-0.65497,-0.4277
328.92,137,40,-0.23605,0.59786,-0.3618
328.5,137,40,-0.26512,-0.39203,0.65715
328.3,137,40,-0.32357,-0.44282,0.7664
327.93,137,40,0.83385,0.18637,-1.0202
327.54,137,40,-1.1813,0.74456,0.43675
328.45,137,40,0.26753,-0.5419,0.27437
328.68,137,40,0.28606,0.44379,-0.72985
328.02,137,40,0.3456,0.44063,-0.78623
328.27,137,40,-0.80665,-0.13279,0.93944
328.47,137,40,1.2016,-0.77121,-0.43038
328.06,137,40,-0.21448,0.57206,-0.35758
328.05,137,40,-0.20402,-0.47547,0.67949
328.25,137,40,-0.28695,-0.44382,0.73078
328.01,137,40,0.82798,0.11525,-0.94323
328.13,137,40,-1.1517,0.77141,0.38029
328.85,137,40,0.24439,-0.56036,0.31597
328.62,137,40,0.30249,0.40052,-0.70301
327.72,137,40,0.31242,0.46342,-0.77584
327.89,137,40,-0.77026,-0.14196,0.91223
328.44,137,40,1.2018,-0.7512,-0.45061
328.38,137,40,-0.2184,0.55089,-0.33249
328.23,137,40,-0.24479,-0.45389,0.69867
328.14,137,40,-0.29489,-0.44218,0.73707
327.96,137,40,0.81415,0.19423,-1.0084
327.99,137,40,-1.1564,0.72539,0.43098
328.75,137,40,0.25998,-0.56557,0.30559
328.71,137,40,0.28267,0.40708,-0.68975
328.08,137,40,0.34446,0.44507,-0.78952
327.67,137,40,-0.82618,-0.12954,0.95571
327.98,137,40,1.1412,-0.73713,-0.40409
328.67,137,40,-0.26535,0.58833,-0.32299
328.57,137,40,-0.26659,-0.41144,0.67803
328.11,137,40,-0.3241,-0.45317,0.77727
327.95,137,40,0.81219,0.19617,-1.0084
328.02,137,40,-1.165,0.72262,0.44237
328.52,137,40,0.23274,-0.55318,0.32045
328.7,137,40,0.27006,0.44286,-0.71291
327.86,137,40,0.29601,0.48545,-0.78146
327.64,137,40,-0.77472,-0.1849,0.95962
328.43,137,40,1.12,-0.70828,-0.41173
328.97,137,40,-0.22972,0.58374,-0.35402
328.28,137,40,-0.33547,-0.39431,0.72977
327.65,137,40,-0.3084,-0.42892,0.73732
327.88,137,40,0.77745,0.14493,-0.92238
328.45,137,40,-1.1935,0.74819,0.44531
328.41,137,40,0.21625,-0.55434,0.33809
328.21,137,40,0.24541,0.44729,-0.6927
328.33,137,40,0.32838,0.41244,-0.74083
328.17,137,40,-0.83801,-0.19397,1.032
327.48,137,40,1.1712,-0.76334,-0.4079
328.64,137,40,-0.26746,0.53318,-0.26572
328.7,137,40,-0.30836,-0.42135,0.7297
327.48,137,40,-0.36403,-0.43139,0.79541
327.91,137,40,0.77072,0.1562,-0.92691
328.64,137,40,-1.1385,0.74149,0.39704
328.81,137,40,0.20412,-0.57455,0.37042
328.21,137,40,0.252,0.39833,-0.65032
328.28,137,40,0.29716,0.4407,-0.73786
327.53,137,40,-0.84675,-0.12018,0.96693
328.05,137,40,1.1228,-0.71639,-0.40638
328.93,137,40,-0.25921,0.58388,-0.32467
328.43,137,40,-0.29761,-0.38925,0.68686
328.11,137,40,-0.34177,-0.41869,0.76047
328.19,137,40,0.82401,0.14542,-0.96943
327.82,137,40,-1.2145,0.78142,0.43305
328.01,137,40,0.23732,-0.5375,0.30018
328.81,137,40,0.23293,0.48731,-0.72024
327.79,137,40,0.30473,0.4997,-0.80442
327.1,137,40,-0.77636,-0.18112,0.95748
328.48,137,40,1.0817,-0.65887,-0.4228
328.96,137,40,-0.2008,0.58983,-0.38903
327.75,137,40,-0.30252,-0.38757,0.69009
328.29,137,40,-0.33257,-0.35887,0.69144
328.35,137,40,0.85628,0.14006,-0.99634
327.92,137,40,-1.1844,0.78369,0.40072
328.7,137,40,0.25905,-0.54682,0.28777
328.79,137,40,0.2949,0.4155,-0.7104
327.67,137,40,0.31446,0.47892,-0.79338
327.34,137,40,-0.77427,-0.13508,0.90935
328.8,137,40,1.107,-0.69155,-0.41549
328.97,137,40,-0.19857,0.59215,-0.39359
327.82,137,40,-0.30014,-0.38677,0.68691
328.17,137,40,-0.30079,-0.39409,0.69488
328.01,137,40,0.83537,0.20566,-1.041
327.44,137,40,-1.1724,0.74736,0.42501
328.79,137,40,0.27312,-0.5221,0.24898
328.76,137,40,0.32477,0.41285,-0.73762
327.85,137,40,0.33524,0.44976,-0.785
328.08,137,40,-0.78469,-0.13428,0.91897
328.53,137,40,1.1523,-0.76395,-0.38835
328.39,137,40,-0.21649,0.59159,-0.3751
328.61,137,40,-0.21996,-0.44309,0.66305
328.2,137,40,-0.33016,-0.45821,0.78837
327.38,137,40,0.832,0.18259,-1.0146
327.61,137,40,-1.1078,0.6946,0.41324
328.91,137,40,0.27277,-0.57354,0.30077
328.55,137,40,0.29542,0.39021,-0.68563
328.16,137,40,0.34468,0.42689,-0.77156
328.24,137,40,-0.82511,-0.13364,0.95875
327.92,137,40,1.2188,-0.78918,-0.42967
327.98,137,40,-0.26125,0.56616,-0.30491
328.6,137,40,-0.22689,-0.48612,0.71301
328.08,137,40,-0.33138,-0.45636,0.78775
328.14,137,40,0.80814,0.11701,-0.92515
328.68,137,40,-1.1372,0.76206,0.37512
328.52,137,40,0.20465,-0.5959,0.39125
327.68,137,40,0.27094,0.42771,-0.69866
328.05,137,40,0.30392,0.38613,-0.69005
328.12,137,40,-0.82641,-0.14598,0.97239
328.42,137,40,1.1766,-0.74495,-0.43165
328.57,137,40,-0.22339,0.5649,-0.34151
328.76,137,40,-0.25956,-0.43454,0.6941
327.95,137,40,-0.3343,-0.4597,0.794
327.61,137,40,0.80898,0.12708,-0.93606
328.52,137,40,-1.1201,0.71054,0.40953
328.7,137,40,0.21918,-0.5998,0.38062
327.97,137,40,0.23904,0.40271,-0.64175
328.42,137,40,0.30721,0.41411,-0.72132
327.97,137,40,-0.84983,-0.19689,1.0467
327.49,137,40,1.1623,-0.73641,-0.42585
328.6,137,40,-0.28144,0.55743,-0.27599
328.59,137,40,-0.28893,-0.43181,0.72074
328.14,137,40,-0.34404,-0.42841,0.77246
328.24,137,40,0.82258,0.12855,-0.95113
327.92,137,40,-1.2195,0.79331,0.42623
327.95,137,40,0.25391,-0.56033,0.30642
328.62,137,40,0.23021,0.48304,-0.71325
328.06,137,40,0.33311,0.46044,-0.79355
327.56,137,40,-0.81947,-0.1235,0.94297
328.67,137,40,1.0845,-0.70005,-0.38448
328.78,137,40,-0.22252,0.63261,-0.41009
328.09,137,40,-0.27283,-0.40562,0.67845
328.15,137,40,-0.29575,-0.431,0.72675
328.09,137,40,0.82289,0.13571,-0.9586
327.98,137,40,-1.1478,0.77607,0.37172
328.49,137,40,0.22996,-0.55961,0.32965
328.58,137,40,0.26292,0.43448,-0.6974
327.87,137,40,0.32385,0.45638,-0.78023
328.1,137,40,-0.78935,-0.13999,0.92935
328.5,137,40,1.1461,-0.76091,-0.38523
328.44,137,40,-0.22395,0.59754,-0.37359
327.95,137,40,-0.21454,-0.43521,0.64974
328.28,137,40,-0.28946,-0.42773,0.71719
327.99,137,40,0.83494,0.1221,-0.95704
328.06,137,40,-1.1382,0.76544,0.37276
328.9,137,40,0.25179,-0.56931,0.31752
328.53,137,40,0.30602,0.39188,-0.6979
327.14,137,40,0.31105,0.46366,-0.77472
327.95,137,40,-0.71446,-0.16088,0.87534
328.69,137,40,1.1683,-0.77373,-0.39458
328.33,137,40,-0.20009,0.57825,-0.37816
328.16,137,40,-0.20477,-0.44929,0.65406
328.53,137,40,-0.29559,-0.44357,0.73916
327.94,137,40,0.85229,0.16404,-1.0163
327.72,137,40,-1.173,0.74274,0.43024
328.5,137,40,0.24915,-0.54243,0.29328
328.78,137,40,0.2791,0.43419,-0.71329
328.15,137,40,0.34533,0.45235,-0.79768
327.55,137,40,-0.8282,-0.19336,1.0216
